###############################################################
#  Generated by:      Cadence Innovus 23.12-s091_1
#  OS:                Linux x86_64(Host ID toolsession-0022-56dbdd798c-v95n7)
#  Generated on:      Fri Jun 26 06:19:17 2026
#  Design:            GCN
#  Command:           summaryReport -outfile ./reports/summary.rpt
###############################################################


==============================
General Design Information
==============================
Design Status: Routed  
Design Name: GCN  
# Instances: 42999  
# Hard Macros: 0  
# Std Cells: 42999  
    ------------------------------
    Standard Cells in Netlist
    ------------------------------
               Cell Type   Instance Count  Area (um^2)  
    A2O1A1Ixp33_ASAP7_75t_R               47          65.7850  
      AND2x2_ASAP7_75t_R              487         681.6442  
      AND2x4_ASAP7_75t_R                5          11.6640  
      AND3x1_ASAP7_75t_R               21          29.3933  
      AND4x1_ASAP7_75t_R                8          13.0637  
      AO21x1_ASAP7_75t_R              452         632.6554  
      AO21x2_ASAP7_75t_R               46          75.1162  
     AO221x1_ASAP7_75t_R                4           9.3312  
     AO222x2_ASAP7_75t_R                1           2.7994  
      AO22x1_ASAP7_75t_R              274         575.2685  
      AO22x2_ASAP7_75t_R               68         158.6304  
      AO31x2_ASAP7_75t_R                3          11.1974  
      AO32x1_ASAP7_75t_R                2           3.7325  
      AO33x2_ASAP7_75t_R                1           2.3328  
    AOI211xp5_ASAP7_75t_R                3           4.1990  
     AOI21x1_ASAP7_75t_R               24          44.7898  
    AOI21xp33_ASAP7_75t_R               22          25.6608  
    AOI21xp5_ASAP7_75t_R              182         212.2848  
    AOI221x1_ASAP7_75t_R                4          13.0637  
    AOI221xp5_ASAP7_75t_R                3           4.8989  
     AOI22x1_ASAP7_75t_R               12          27.9936  
    AOI22xp5_ASAP7_75t_R              115         160.9632  
    AOI31xp33_ASAP7_75t_R                9          12.5971  
    AOI32xp33_ASAP7_75t_R                2           3.2659  
    AOI333xp33_ASAP7_75t_R                1           2.5661  
    AOI33xp33_ASAP7_75t_R               33          61.5859  
    ASYNC_DFFHx1_ASAP7_75t_R             1087        6592.9594  
      BUFx10_ASAP7_75t_R                4          13.0637  
      BUFx12_ASAP7_75t_R                1           3.7325  
     BUFx12f_ASAP7_75t_R                5          20.9952  
      BUFx24_ASAP7_75t_R                2          13.9968  
       BUFx2_ASAP7_75t_R              107         124.8048  
       BUFx3_ASAP7_75t_R               60          83.9808  
       BUFx4_ASAP7_75t_R                7          11.4307  
      BUFx4f_ASAP7_75t_R                1           1.8662  
       BUFx5_ASAP7_75t_R                5           9.3312  
      BUFx6f_ASAP7_75t_R                6          13.9968  
       BUFx8_ASAP7_75t_R                3           8.3981  
        FAx1_ASAP7_75t_R               75         244.9440  
      FILLER_ASAP7_75t_R             8651        4036.2106  
    FILLERxp5_ASAP7_75t_R             5431        1266.9437  
     HB1xp67_ASAP7_75t_R              146         136.2355  
      INVx11_ASAP7_75t_R                1           3.0326  
       INVx1_ASAP7_75t_R             4225        2956.8240  
       INVx2_ASAP7_75t_R              337         314.4614  
       INVx3_ASAP7_75t_R              104         121.3056  
       INVx4_ASAP7_75t_R               47          65.7850  
       INVx5_ASAP7_75t_R               14          22.8614  
       INVx6_ASAP7_75t_R               12          22.3949  
       INVx8_ASAP7_75t_R                4           9.3312  
     INVxp33_ASAP7_75t_R              272         190.3565  
     INVxp67_ASAP7_75t_R              394         275.7370  
     MAJIxp5_ASAP7_75t_R              857        1399.4467  
       MAJx2_ASAP7_75t_R              622        1305.9014  
     NAND2x1_ASAP7_75t_R               49          68.5843  
    NAND2x1p5_ASAP7_75t_R               10          18.6624  
     NAND2x2_ASAP7_75t_R                2           4.6656  
    NAND2xp33_ASAP7_75t_R              855         797.8176  
    NAND2xp5_ASAP7_75t_R             1802        1681.4822  
     NAND3x1_ASAP7_75t_R                3           7.6982  
    NAND3xp33_ASAP7_75t_R              183         213.4512  
    NAND4xp25_ASAP7_75t_R               21          29.3933  
    NAND4xp75_ASAP7_75t_R                5          16.3296  
      NOR2x1_ASAP7_75t_R              553         774.0230  
    NOR2x1p5_ASAP7_75t_R               36          67.1846  
      NOR2x2_ASAP7_75t_R                3           6.9984  
    NOR2xp33_ASAP7_75t_R             2695        2514.7584  
    NOR2xp67_ASAP7_75t_R                5           6.9984  
      NOR3x1_ASAP7_75t_R                4          10.2643  
      NOR3x2_ASAP7_75t_R                1           4.6656  
    NOR3xp33_ASAP7_75t_R              136         158.6304  
    NOR4xp25_ASAP7_75t_R                3           4.1990  
    O2A1O1Ixp33_ASAP7_75t_R               41          57.3869  
    O2A1O1Ixp5_ASAP7_75t_R               10          18.6624  
     OA211x2_ASAP7_75t_R                3           5.5987  
      OA21x2_ASAP7_75t_R               99         161.6630  
      OA22x2_ASAP7_75t_R               65         151.6320  
     OA332x1_ASAP7_75t_R                1           2.5661  
      OA33x2_ASAP7_75t_R                4           9.3312  
    OAI211xp5_ASAP7_75t_R               21          29.3933  
     OAI21x1_ASAP7_75t_R              201         375.1142  
    OAI21xp33_ASAP7_75t_R              851         992.6064  
    OAI21xp5_ASAP7_75t_R              895        1043.9280  
    OAI221xp5_ASAP7_75t_R               12          19.5955  
    OAI222xp33_ASAP7_75t_R                1           2.3328  
     OAI22x1_ASAP7_75t_R               52         121.3056  
    OAI22xp33_ASAP7_75t_R                3           4.1990  
    OAI22xp5_ASAP7_75t_R              323         452.0966  
    OAI311xp33_ASAP7_75t_R                4           6.5318  
    OAI31xp33_ASAP7_75t_R               11          15.3965  
    OAI31xp67_ASAP7_75t_R                1           3.0326  
    OAI321xp33_ASAP7_75t_R                4           7.4650  
    OAI322xp33_ASAP7_75t_R                1           2.0995  
    OAI32xp33_ASAP7_75t_R                1           1.6330  
    OAI331xp33_ASAP7_75t_R                5          10.4976  
       OR2x2_ASAP7_75t_R              824        1153.3363  
       OR2x4_ASAP7_75t_R                1           1.8662  
       OR2x6_ASAP7_75t_R                4          11.1974  
       OR3x1_ASAP7_75t_R               43          60.1862  
     TAPCELL_ASAP7_75t_R             5376        2508.2266  
     TIELOx1_ASAP7_75t_R                2           1.3997  
     XNOR2x1_ASAP7_75t_R              101         282.7354  
     XNOR2x2_ASAP7_75t_R              324         831.4099  
    XNOR2xp5_ASAP7_75t_R             1802        3783.3350  
      XOR2x1_ASAP7_75t_R               12          33.5923  
      XOR2x2_ASAP7_75t_R              254         651.7843  
     XOR2xp5_ASAP7_75t_R              972        2040.7334  
# Pads: 0  
# Net: 24684  
# Special Net: 2  
# IO Pins: 
    ------------------------------
    Issued IO Information
    ------------------------------
    # Unplaced IO Pin  0  
    # Floating IO  0  
    # IO Connected to Non-IO Inst  
        ------------------------------
        IO Connected to Non-IO Inst
        ------------------------------
                     IO Name      Non-IO Inst Name  
          max_addi_answer[0]                 U1629  
          max_addi_answer[1]                 U1627  
          max_addi_answer[2]                 U1635  
          max_addi_answer[3]                 U1633  
          max_addi_answer[4]                 U1630  
          max_addi_answer[5]                 U1626  
          max_addi_answer[6]                 U1631  
          max_addi_answer[7]                 U1628  
          max_addi_answer[8]                 U1634  
          max_addi_answer[9]                 U1632  
         max_addi_answer[10]                 U1144  
         max_addi_answer[11]                 U1484  
                        done                 U1743  
                 enable_read  transformation_block_inst/U328  
             read_address[0]  transformation_block_inst/U2276  
             read_address[1]  transformation_block_inst/U2417  
             read_address[2]  transformation_block_inst/U2415  
             read_address[3]  combination_block_inst_fsm_inst_current_state_reg_2_  
             read_address[4]  combination_block_inst_fsm_inst_current_state_reg_2_  
             read_address[5]  combination_block_inst_fsm_inst_current_state_reg_2_  
             read_address[6]  combination_block_inst_fsm_inst_current_state_reg_2_  
             read_address[7]  combination_block_inst_fsm_inst_current_state_reg_2_  
             read_address[8]  combination_block_inst_fsm_inst_current_state_reg_2_  
             read_address[9]  transformation_block_inst/U327  
            read_address[10]  combination_block_inst_fsm_inst_current_state_reg_2_  
            read_address[11]  combination_block_inst_fsm_inst_current_state_reg_2_  
            read_address[12]  combination_block_inst_fsm_inst_current_state_reg_2_  
              coo_address[0]                 U1636  
              coo_address[1]                 U1145  
              coo_address[2]                 U1637  
                   coo_in[0]                 U1476  
                   coo_in[1]                 U1486  
                   coo_in[2]                 U1535  
                   coo_in[3]                 U1125  
                   coo_in[4]                 U1485  
                   coo_in[5]                 U1533  
                  data_in[0]  transformation_block_inst/FE_OFC324_data_in_95__0  
                  data_in[1]  transformation_block_inst/vector_mult_inst/U3437  
                  data_in[2]  transformation_block_inst/U821  
                  data_in[3]  transformation_block_inst/U1618  
                  data_in[4]  transformation_block_inst/vector_mult_inst/U180  
                  data_in[5]  transformation_block_inst/U826  
                  data_in[6]  transformation_block_inst/U892  
                  data_in[7]  transformation_block_inst/U1489  
                  data_in[8]  transformation_block_inst/vector_mult_inst/U3469  
                  data_in[9]  transformation_block_inst/U1532  
                 data_in[10]  transformation_block_inst/vector_mult_inst/U3452  
                 data_in[11]  transformation_block_inst/vector_mult_inst/U242  
                 data_in[12]  transformation_block_inst/U900  
                 data_in[13]  transformation_block_inst/U904  
                 data_in[14]  transformation_block_inst/vector_mult_inst/U526  
                 data_in[15]  transformation_block_inst/U894  
                 data_in[16]  transformation_block_inst/U906  
                 data_in[17]  transformation_block_inst/U898  
                 data_in[18]  transformation_block_inst/vector_mult_inst/U298  
                 data_in[19]  transformation_block_inst/FE_OFC8308_data_in_92__4  
                 data_in[20]  transformation_block_inst/vector_mult_inst/FE_RC_14138_0  
                 data_in[21]  transformation_block_inst/U886  
                 data_in[22]  transformation_block_inst/U902  
                 data_in[23]  transformation_block_inst/U884  
                 data_in[24]  transformation_block_inst/vector_mult_inst/U422  
                 data_in[25]  transformation_block_inst/vector_mult_inst/FE_RC_24111_0  
                 data_in[26]  transformation_block_inst/vector_mult_inst/U1026  
                 data_in[27]  transformation_block_inst/U1122  
                 data_in[28]  transformation_block_inst/vector_mult_inst/U1036  
                 data_in[29]  transformation_block_inst/U1205  
                 data_in[30]  transformation_block_inst/vector_mult_inst/U3370  
                 data_in[31]  transformation_block_inst/vector_mult_inst/U251  
                 data_in[32]  transformation_block_inst/vector_mult_inst/U504  
                 data_in[33]  transformation_block_inst/U953  
                 data_in[34]  transformation_block_inst/vector_mult_inst/U699  
                 data_in[35]  transformation_block_inst/vector_mult_inst/U1048  
                 data_in[36]  transformation_block_inst/U998  
                 data_in[37]  transformation_block_inst/vector_mult_inst/FE_RC_32416_0  
                 data_in[38]  transformation_block_inst/U1005  
                 data_in[39]  transformation_block_inst/vector_mult_inst/U1075  
                 data_in[40]  transformation_block_inst/FE_OFC9786_data_in_87__0  
                 data_in[41]  transformation_block_inst/U1137  
                 data_in[42]  transformation_block_inst/vector_mult_inst/U627  
                 data_in[43]  transformation_block_inst/U1133  
                 data_in[44]  transformation_block_inst/U1124  
                 data_in[45]  transformation_block_inst/vector_mult_inst/U274  
                 data_in[46]  transformation_block_inst/U1246  
                 data_in[47]  transformation_block_inst/U1250  
                 data_in[48]  transformation_block_inst/U1404  
                 data_in[49]  transformation_block_inst/vector_mult_inst/U1104  
                 data_in[50]  transformation_block_inst/U1388  
                 data_in[51]  transformation_block_inst/U1386  
                 data_in[52]  transformation_block_inst/vector_mult_inst/FE_OFC1187_data_in_85__2  
                 data_in[53]  transformation_block_inst/U1390  
                 data_in[54]  transformation_block_inst/vector_mult_inst/U789  
                 data_in[55]  transformation_block_inst/U1400  
                 data_in[56]  transformation_block_inst/vector_mult_inst/FE_OFC3173_data_in_84__1  
                 data_in[57]  transformation_block_inst/U1396  
                 data_in[58]  transformation_block_inst/U1430  
                 data_in[59]  transformation_block_inst/U1394  
                 data_in[60]  transformation_block_inst/vector_mult_inst/U545  
                 data_in[61]  transformation_block_inst/vector_mult_inst/FE_OFC6106_data_in_83__1  
                 data_in[62]  transformation_block_inst/U1248  
                 data_in[63]  transformation_block_inst/U1240  
                 data_in[64]  transformation_block_inst/vector_mult_inst/U488  
                 data_in[65]  transformation_block_inst/U1244  
                 data_in[66]  transformation_block_inst/vector_mult_inst/U602  
                 data_in[67]  transformation_block_inst/U1258  
                 data_in[68]  transformation_block_inst/vector_mult_inst/U830  
                 data_in[69]  transformation_block_inst/vector_mult_inst/U762  
                 data_in[70]  transformation_block_inst/vector_mult_inst/U405  
                 data_in[71]  transformation_block_inst/U1226  
                 data_in[72]  transformation_block_inst/U1378  
                 data_in[73]  transformation_block_inst/vector_mult_inst/U833  
                 data_in[74]  transformation_block_inst/vector_mult_inst/U652  
                 data_in[75]  transformation_block_inst/vector_mult_inst/U575  
                 data_in[76]  transformation_block_inst/vector_mult_inst/U893  
                 data_in[77]  transformation_block_inst/U1718  
                 data_in[78]  transformation_block_inst/vector_mult_inst/U1172  
                 data_in[79]  transformation_block_inst/vector_mult_inst/U1178  
                 data_in[80]  transformation_block_inst/U1684  
                 data_in[81]  transformation_block_inst/vector_mult_inst/U3261  
                 data_in[82]  transformation_block_inst/vector_mult_inst/U3267  
                 data_in[83]  transformation_block_inst/vector_mult_inst/U3273  
                 data_in[84]  transformation_block_inst/U1694  
                 data_in[85]  transformation_block_inst/vector_mult_inst/U1185  
                 data_in[86]  transformation_block_inst/vector_mult_inst/U1193  
                 data_in[87]  transformation_block_inst/vector_mult_inst/U855  
                 data_in[88]  transformation_block_inst/vector_mult_inst/U362  
                 data_in[89]  transformation_block_inst/vector_mult_inst/U857  
                 data_in[90]  transformation_block_inst/vector_mult_inst/FE_OFC9792_data_in_77__0  
                 data_in[91]  transformation_block_inst/U1712  
                 data_in[92]  transformation_block_inst/vector_mult_inst/U3236  
                 data_in[93]  transformation_block_inst/U1720  
                 data_in[94]  transformation_block_inst/U1680  
                 data_in[95]  transformation_block_inst/vector_mult_inst/U702  
                 data_in[96]  transformation_block_inst/vector_mult_inst/U344  
                 data_in[97]  transformation_block_inst/U1706  
                 data_in[98]  transformation_block_inst/vector_mult_inst/U565  
                 data_in[99]  transformation_block_inst/vector_mult_inst/U346  
                data_in[100]  transformation_block_inst/vector_mult_inst/U3188  
                data_in[101]  transformation_block_inst/vector_mult_inst/U3197  
                data_in[102]  transformation_block_inst/vector_mult_inst/U3203  
                data_in[103]  transformation_block_inst/vector_mult_inst/U395  
                data_in[104]  transformation_block_inst/vector_mult_inst/U3213  
                data_in[105]  transformation_block_inst/vector_mult_inst/U600  
                data_in[106]  transformation_block_inst/vector_mult_inst/U1240  
                data_in[107]  transformation_block_inst/vector_mult_inst/U1245  
                data_in[108]  transformation_block_inst/vector_mult_inst/U605  
                data_in[109]  transformation_block_inst/vector_mult_inst/U276  
                data_in[110]  transformation_block_inst/vector_mult_inst/U3153  
                data_in[111]  transformation_block_inst/U876  
                data_in[112]  transformation_block_inst/U850  
                data_in[113]  transformation_block_inst/vector_mult_inst/U3175  
                data_in[114]  transformation_block_inst/vector_mult_inst/U3181  
                data_in[115]  transformation_block_inst/vector_mult_inst/U353  
                data_in[116]  transformation_block_inst/vector_mult_inst/U776  
                data_in[117]  transformation_block_inst/vector_mult_inst/U244  
                data_in[118]  transformation_block_inst/vector_mult_inst/U900  
                data_in[119]  transformation_block_inst/U852  
                data_in[120]  transformation_block_inst/vector_mult_inst/U3121  
                data_in[121]  transformation_block_inst/vector_mult_inst/U3130  
                data_in[122]  transformation_block_inst/U1174  
                data_in[123]  transformation_block_inst/vector_mult_inst/U751  
                data_in[124]  transformation_block_inst/vector_mult_inst/U3146  
                data_in[125]  transformation_block_inst/vector_mult_inst/U1281  
                data_in[126]  transformation_block_inst/vector_mult_inst/U1289  
                data_in[127]  transformation_block_inst/vector_mult_inst/U1295  
                data_in[128]  transformation_block_inst/vector_mult_inst/U208  
                data_in[129]  transformation_block_inst/vector_mult_inst/U516  
                data_in[130]  transformation_block_inst/vector_mult_inst/U694  
                data_in[131]  transformation_block_inst/U1194  
                data_in[132]  transformation_block_inst/U1628  
                data_in[133]  transformation_block_inst/U1602  
                data_in[134]  transformation_block_inst/U1626  
                data_in[135]  transformation_block_inst/vector_mult_inst/U227  
                data_in[136]  transformation_block_inst/vector_mult_inst/U736  
                data_in[137]  transformation_block_inst/vector_mult_inst/U376  
                data_in[138]  transformation_block_inst/vector_mult_inst/U582  
                data_in[139]  transformation_block_inst/U1612  
                data_in[140]  transformation_block_inst/vector_mult_inst/U3060  
                data_in[141]  transformation_block_inst/vector_mult_inst/U3070  
                data_in[142]  transformation_block_inst/U1616  
                data_in[143]  transformation_block_inst/vector_mult_inst/U3082  
                data_in[144]  transformation_block_inst/vector_mult_inst/U3088  
                data_in[145]  transformation_block_inst/U1272  
                data_in[146]  transformation_block_inst/vector_mult_inst/U1335  
                data_in[147]  transformation_block_inst/vector_mult_inst/U808  
                data_in[148]  transformation_block_inst/U1278  
                data_in[149]  transformation_block_inst/vector_mult_inst/U760  
                data_in[150]  transformation_block_inst/vector_mult_inst/U3026  
                data_in[151]  transformation_block_inst/vector_mult_inst/U3036  
                data_in[152]  transformation_block_inst/vector_mult_inst/U3042  
                data_in[153]  transformation_block_inst/vector_mult_inst/U3048  
                data_in[154]  transformation_block_inst/vector_mult_inst/U3054  
                data_in[155]  transformation_block_inst/vector_mult_inst/U512  
                data_in[156]  transformation_block_inst/U1280  
                data_in[157]  transformation_block_inst/vector_mult_inst/U253  
                data_in[158]  transformation_block_inst/U1589  
                data_in[159]  transformation_block_inst/vector_mult_inst/U508  
                data_in[160]  transformation_block_inst/vector_mult_inst/U364  
                data_in[161]  transformation_block_inst/U1579  
                data_in[162]  transformation_block_inst/vector_mult_inst/U308  
                data_in[163]  transformation_block_inst/FE_OFC3832_data_in_63__3  
                data_in[164]  transformation_block_inst/vector_mult_inst/U3019  
                data_in[165]  transformation_block_inst/vector_mult_inst/U1366  
                data_in[166]  transformation_block_inst/vector_mult_inst/U296  
                data_in[167]  transformation_block_inst/U1587  
                data_in[168]  transformation_block_inst/vector_mult_inst/U319  
                data_in[169]  transformation_block_inst/vector_mult_inst/U747  
                data_in[170]  transformation_block_inst/vector_mult_inst/U2961  
                data_in[171]  transformation_block_inst/U1569  
                data_in[172]  transformation_block_inst/U1599  
                data_in[173]  transformation_block_inst/U1573  
                data_in[174]  transformation_block_inst/vector_mult_inst/U2989  
                data_in[175]  transformation_block_inst/vector_mult_inst/U866  
                data_in[176]  transformation_block_inst/vector_mult_inst/U1403  
                data_in[177]  transformation_block_inst/U1595  
                data_in[178]  transformation_block_inst/vector_mult_inst/U400  
                data_in[179]  transformation_block_inst/vector_mult_inst/U397  
                data_in[180]  transformation_block_inst/U1551  
                data_in[181]  transformation_block_inst/vector_mult_inst/U498  
                data_in[182]  transformation_block_inst/vector_mult_inst/U2944  
                data_in[183]  transformation_block_inst/U1547  
                data_in[184]  transformation_block_inst/vector_mult_inst/U502  
                data_in[185]  transformation_block_inst/vector_mult_inst/U197  
                data_in[186]  transformation_block_inst/vector_mult_inst/U315  
                data_in[187]  transformation_block_inst/vector_mult_inst/U277  
                data_in[188]  transformation_block_inst/vector_mult_inst/U1433  
                data_in[189]  transformation_block_inst/vector_mult_inst/U1439  
                data_in[190]  transformation_block_inst/U1039  
                data_in[191]  transformation_block_inst/vector_mult_inst/U321  
                data_in[192]  transformation_block_inst/U1051  
                data_in[193]  transformation_block_inst/vector_mult_inst/U2921  
                data_in[194]  transformation_block_inst/vector_mult_inst/U2927  
                data_in[195]  transformation_block_inst/vector_mult_inst/U1445  
                data_in[196]  transformation_block_inst/vector_mult_inst/U538  
                data_in[197]  transformation_block_inst/U1055  
                data_in[198]  transformation_block_inst/vector_mult_inst/U731  
                data_in[199]  transformation_block_inst/vector_mult_inst/U571  
                data_in[200]  transformation_block_inst/U945  
                data_in[201]  transformation_block_inst/vector_mult_inst/U610  
                data_in[202]  transformation_block_inst/vector_mult_inst/U2887  
                data_in[203]  transformation_block_inst/vector_mult_inst/U608  
                data_in[204]  transformation_block_inst/vector_mult_inst/U2897  
                data_in[205]  transformation_block_inst/FE_OCPC9577_data_in_54__0  
                data_in[206]  transformation_block_inst/vector_mult_inst/U225  
                data_in[207]  transformation_block_inst/vector_mult_inst/U356  
                data_in[208]  transformation_block_inst/vector_mult_inst/U445  
                data_in[209]  transformation_block_inst/vector_mult_inst/U442  
                data_in[210]  transformation_block_inst/vector_mult_inst/U2843  
                data_in[211]  transformation_block_inst/vector_mult_inst/U2852  
                data_in[212]  transformation_block_inst/vector_mult_inst/U2858  
                data_in[213]  transformation_block_inst/U935  
                data_in[214]  transformation_block_inst/vector_mult_inst/U2870  
                data_in[215]  transformation_block_inst/vector_mult_inst/U950  
                data_in[216]  transformation_block_inst/vector_mult_inst/U639  
                data_in[217]  transformation_block_inst/vector_mult_inst/U1499  
                data_in[218]  transformation_block_inst/vector_mult_inst/U303  
                data_in[219]  transformation_block_inst/vector_mult_inst/U636  
                data_in[220]  transformation_block_inst/vector_mult_inst/FE_RC_22146_0  
                data_in[221]  transformation_block_inst/vector_mult_inst/U412  
                data_in[222]  transformation_block_inst/U1076  
                data_in[223]  transformation_block_inst/vector_mult_inst/U410  
                data_in[224]  transformation_block_inst/vector_mult_inst/U407  
                data_in[225]  transformation_block_inst/U1092  
                data_in[226]  transformation_block_inst/U1441  
                data_in[227]  transformation_block_inst/U1443  
                data_in[228]  transformation_block_inst/U1104  
                data_in[229]  transformation_block_inst/FE_OFC7656_data_in_50__4  
                data_in[230]  transformation_block_inst/vector_mult_inst/U918  
                data_in[231]  transformation_block_inst/vector_mult_inst/U313  
                data_in[232]  transformation_block_inst/vector_mult_inst/U877  
                data_in[233]  transformation_block_inst/vector_mult_inst/U956  
                data_in[234]  transformation_block_inst/U1110  
                data_in[235]  transformation_block_inst/vector_mult_inst/FE_RC_6781_0  
                data_in[236]  transformation_block_inst/U1116  
                data_in[237]  transformation_block_inst/U1074  
                data_in[238]  transformation_block_inst/vector_mult_inst/FE_OFC6549_data_in_48__3  
                data_in[239]  transformation_block_inst/vector_mult_inst/U1559  
                data_in[240]  transformation_block_inst/vector_mult_inst/U294  
                data_in[241]  transformation_block_inst/U1080  
                data_in[242]  transformation_block_inst/vector_mult_inst/U486  
                data_in[243]  transformation_block_inst/vector_mult_inst/U2794  
                data_in[244]  transformation_block_inst/vector_mult_inst/U291  
                data_in[245]  transformation_block_inst/vector_mult_inst/U282  
                data_in[246]  transformation_block_inst/vector_mult_inst/U1568  
                data_in[247]  transformation_block_inst/vector_mult_inst/U280  
                data_in[248]  transformation_block_inst/U1288  
                data_in[249]  transformation_block_inst/vector_mult_inst/U1584  
                data_in[250]  transformation_block_inst/U1290  
                data_in[251]  transformation_block_inst/U1296  
                data_in[252]  transformation_block_inst/vector_mult_inst/U597  
                data_in[253]  transformation_block_inst/U1332  
                data_in[254]  transformation_block_inst/vector_mult_inst/U641  
                data_in[255]  transformation_block_inst/vector_mult_inst/U325  
                data_in[256]  transformation_block_inst/U1298  
                data_in[257]  transformation_block_inst/vector_mult_inst/U1602  
                data_in[258]  transformation_block_inst/vector_mult_inst/U1608  
                data_in[259]  transformation_block_inst/U1300  
                data_in[260]  transformation_block_inst/vector_mult_inst/U942  
                data_in[261]  transformation_block_inst/FE_OFC7010_data_in_43__1  
                data_in[262]  transformation_block_inst/vector_mult_inst/U2742  
                data_in[263]  transformation_block_inst/U1314  
                data_in[264]  transformation_block_inst/vector_mult_inst/U2752  
                data_in[265]  transformation_block_inst/vector_mult_inst/U328  
                data_in[266]  transformation_block_inst/U1481  
                data_in[267]  transformation_block_inst/vector_mult_inst/U869  
                data_in[268]  transformation_block_inst/vector_mult_inst/U587  
                data_in[269]  transformation_block_inst/vector_mult_inst/U111  
                data_in[270]  transformation_block_inst/vector_mult_inst/U677  
                data_in[271]  transformation_block_inst/U1485  
                data_in[272]  transformation_block_inst/U1491  
                data_in[273]  transformation_block_inst/U1493  
                data_in[274]  transformation_block_inst/U1487  
                data_in[275]  transformation_block_inst/vector_mult_inst/U688  
                data_in[276]  transformation_block_inst/U1445  
                data_in[277]  transformation_block_inst/U1453  
                data_in[278]  transformation_block_inst/vector_mult_inst/U232  
                data_in[279]  transformation_block_inst/vector_mult_inst/U379  
                data_in[280]  transformation_block_inst/vector_mult_inst/U2686  
                data_in[281]  transformation_block_inst/vector_mult_inst/U705  
                data_in[282]  transformation_block_inst/U1439  
                data_in[283]  transformation_block_inst/vector_mult_inst/U440  
                data_in[284]  transformation_block_inst/vector_mult_inst/U528  
                data_in[285]  transformation_block_inst/U1457  
                data_in[286]  transformation_block_inst/vector_mult_inst/U843  
                data_in[287]  transformation_block_inst/vector_mult_inst/U755  
                data_in[288]  transformation_block_inst/vector_mult_inst/U1673  
                data_in[289]  transformation_block_inst/vector_mult_inst/U925  
                data_in[290]  transformation_block_inst/vector_mult_inst/U921  
                data_in[291]  transformation_block_inst/vector_mult_inst/U2666  
                data_in[292]  transformation_block_inst/vector_mult_inst/U311  
                data_in[293]  transformation_block_inst/vector_mult_inst/U2676  
                data_in[294]  transformation_block_inst/vector_mult_inst/U813  
                data_in[295]  transformation_block_inst/vector_mult_inst/FE_OFC9787_data_in_36__0  
                data_in[296]  transformation_block_inst/vector_mult_inst/U846  
                data_in[297]  transformation_block_inst/vector_mult_inst/U339  
                data_in[298]  transformation_block_inst/vector_mult_inst/U1697  
                data_in[299]  transformation_block_inst/vector_mult_inst/U336  
                data_in[300]  transformation_block_inst/vector_mult_inst/U2636  
                data_in[301]  transformation_block_inst/vector_mult_inst/U2644  
                data_in[302]  transformation_block_inst/U1013  
                data_in[303]  transformation_block_inst/U1011  
                data_in[304]  transformation_block_inst/vector_mult_inst/U650  
                data_in[305]  transformation_block_inst/U1015  
                data_in[306]  transformation_block_inst/vector_mult_inst/U465  
                data_in[307]  transformation_block_inst/FE_OFC3292_data_in_34__2  
                data_in[308]  transformation_block_inst/vector_mult_inst/U463  
                data_in[309]  transformation_block_inst/vector_mult_inst/U460  
                data_in[310]  transformation_block_inst/vector_mult_inst/U836  
                data_in[311]  transformation_block_inst/vector_mult_inst/U2615  
                data_in[312]  transformation_block_inst/U1058  
                data_in[313]  transformation_block_inst/vector_mult_inst/U2625  
                data_in[314]  transformation_block_inst/vector_mult_inst/U2630  
                data_in[315]  transformation_block_inst/U1192  
                data_in[316]  transformation_block_inst/vector_mult_inst/U430  
                data_in[317]  transformation_block_inst/vector_mult_inst/U1736  
                data_in[318]  transformation_block_inst/vector_mult_inst/FE_RC_24584_0  
                data_in[319]  transformation_block_inst/vector_mult_inst/U392  
                data_in[320]  transformation_block_inst/vector_mult_inst/U2582  
                data_in[321]  transformation_block_inst/vector_mult_inst/U966  
                data_in[322]  transformation_block_inst/U1060  
                data_in[323]  transformation_block_inst/U1086  
                data_in[324]  transformation_block_inst/vector_mult_inst/U902  
                data_in[325]  transformation_block_inst/vector_mult_inst/U1752  
                data_in[326]  transformation_block_inst/vector_mult_inst/U1759  
                data_in[327]  transformation_block_inst/vector_mult_inst/U936  
                data_in[328]  transformation_block_inst/vector_mult_inst/U963  
                data_in[329]  transformation_block_inst/vector_mult_inst/U726  
                data_in[330]  transformation_block_inst/vector_mult_inst/U880  
                data_in[331]  transformation_block_inst/vector_mult_inst/U2560  
                data_in[332]  transformation_block_inst/vector_mult_inst/U658  
                data_in[333]  transformation_block_inst/vector_mult_inst/U2570  
                data_in[334]  transformation_block_inst/vector_mult_inst/U2576  
                data_in[335]  transformation_block_inst/U1646  
                data_in[336]  transformation_block_inst/vector_mult_inst/U371  
                data_in[337]  transformation_block_inst/vector_mult_inst/U215  
                data_in[338]  transformation_block_inst/U1632  
                data_in[339]  transformation_block_inst/U1634  
                data_in[340]  transformation_block_inst/vector_mult_inst/U2533  
                data_in[341]  transformation_block_inst/vector_mult_inst/U191  
                data_in[342]  transformation_block_inst/vector_mult_inst/U223  
                data_in[343]  transformation_block_inst/vector_mult_inst/U257  
                data_in[344]  transformation_block_inst/U1503  
                data_in[345]  transformation_block_inst/U1500  
                data_in[346]  transformation_block_inst/U1236  
                data_in[347]  transformation_block_inst/vector_mult_inst/FE_OFC9818_data_in_26__2  
                data_in[348]  transformation_block_inst/vector_mult_inst/U1812  
                data_in[349]  transformation_block_inst/U1420  
                data_in[350]  transformation_block_inst/U1418  
                data_in[351]  transformation_block_inst/U1414  
                data_in[352]  transformation_block_inst/U1406  
                data_in[353]  transformation_block_inst/vector_mult_inst/U811  
                data_in[354]  transformation_block_inst/U1398  
                data_in[355]  transformation_block_inst/U1412  
                data_in[356]  transformation_block_inst/U1432  
                data_in[357]  transformation_block_inst/U1424  
                data_in[358]  transformation_block_inst/vector_mult_inst/FE_OFC180_data_in_24__3  
                data_in[359]  transformation_block_inst/U1416  
                data_in[360]  transformation_block_inst/U1362  
                data_in[361]  transformation_block_inst/vector_mult_inst/U471  
                data_in[362]  transformation_block_inst/vector_mult_inst/U2486  
                data_in[363]  transformation_block_inst/vector_mult_inst/U469  
                data_in[364]  transformation_block_inst/vector_mult_inst/U2496  
                data_in[365]  transformation_block_inst/U1360  
                data_in[366]  transformation_block_inst/U1376  
                data_in[367]  transformation_block_inst/vector_mult_inst/U254  
                data_in[368]  transformation_block_inst/U1372  
                data_in[369]  transformation_block_inst/U1382  
                data_in[370]  transformation_block_inst/vector_mult_inst/U230  
                data_in[371]  transformation_block_inst/vector_mult_inst/U724  
                data_in[372]  transformation_block_inst/vector_mult_inst/U2459  
                data_in[373]  transformation_block_inst/U1354  
                data_in[374]  transformation_block_inst/vector_mult_inst/U211  
                data_in[375]  transformation_block_inst/U1342  
                data_in[376]  transformation_block_inst/vector_mult_inst/FE_RC_12388_0  
                data_in[377]  transformation_block_inst/U1340  
                data_in[378]  transformation_block_inst/U1348  
                data_in[379]  transformation_block_inst/vector_mult_inst/U1899  
                data_in[380]  transformation_block_inst/U1338  
                data_in[381]  transformation_block_inst/U1352  
                data_in[382]  transformation_block_inst/vector_mult_inst/FE_OFC248_data_in_19__2  
                data_in[383]  transformation_block_inst/U1218  
                data_in[384]  transformation_block_inst/vector_mult_inst/U2440  
                data_in[385]  transformation_block_inst/U1530  
                data_in[386]  transformation_block_inst/U1518  
                data_in[387]  transformation_block_inst/U1538  
                data_in[388]  transformation_block_inst/vector_mult_inst/U255  
                data_in[389]  transformation_block_inst/U1516  
                data_in[390]  transformation_block_inst/U1528  
                data_in[391]  transformation_block_inst/U1536  
                data_in[392]  transformation_block_inst/vector_mult_inst/U783  
                data_in[393]  transformation_block_inst/vector_mult_inst/U781  
                data_in[394]  transformation_block_inst/vector_mult_inst/U778  
                data_in[395]  transformation_block_inst/U1526  
                data_in[396]  transformation_block_inst/U1640  
                data_in[397]  transformation_block_inst/vector_mult_inst/FE_RC_25775_0  
                data_in[398]  transformation_block_inst/U1738  
                data_in[399]  transformation_block_inst/vector_mult_inst/U631  
                data_in[400]  transformation_block_inst/vector_mult_inst/FE_RC_25395_0  
                data_in[401]  transformation_block_inst/vector_mult_inst/U561  
                data_in[402]  transformation_block_inst/vector_mult_inst/U884  
                data_in[403]  transformation_block_inst/U1726  
                data_in[404]  transformation_block_inst/vector_mult_inst/U556  
                data_in[405]  transformation_block_inst/U1722  
                data_in[406]  transformation_block_inst/U1730  
                data_in[407]  transformation_block_inst/U1644  
                data_in[408]  transformation_block_inst/vector_mult_inst/U1970  
                data_in[409]  transformation_block_inst/vector_mult_inst/U1976  
                data_in[410]  transformation_block_inst/U780  
                data_in[411]  transformation_block_inst/vector_mult_inst/U261  
                data_in[412]  transformation_block_inst/vector_mult_inst/FE_OFC3205_data_in_13__2  
                data_in[413]  transformation_block_inst/U774  
                data_in[414]  transformation_block_inst/vector_mult_inst/U265  
                data_in[415]  transformation_block_inst/U768  
                data_in[416]  transformation_block_inst/vector_mult_inst/U1992  
                data_in[417]  transformation_block_inst/vector_mult_inst/U1998  
                data_in[418]  transformation_block_inst/U766  
                data_in[419]  transformation_block_inst/U764  
                data_in[420]  transformation_block_inst/vector_mult_inst/U390  
                data_in[421]  transformation_block_inst/U804  
                data_in[422]  transformation_block_inst/U792  
                data_in[423]  transformation_block_inst/vector_mult_inst/U388  
                data_in[424]  transformation_block_inst/vector_mult_inst/U385  
                data_in[425]  transformation_block_inst/vector_mult_inst/FE_RC_28649_0  
                data_in[426]  transformation_block_inst/U1154  
                data_in[427]  transformation_block_inst/vector_mult_inst/U2029  
                data_in[428]  transformation_block_inst/vector_mult_inst/U613  
                data_in[429]  transformation_block_inst/U1162  
                data_in[430]  transformation_block_inst/U1166  
                data_in[431]  transformation_block_inst/U1146  
                data_in[432]  transformation_block_inst/U1150  
                data_in[433]  transformation_block_inst/vector_mult_inst/FE_OFC7629_data_in_9__3  
                data_in[434]  transformation_block_inst/vector_mult_inst/U2322  
                data_in[435]  transformation_block_inst/U1170  
                data_in[436]  transformation_block_inst/U1142  
                data_in[437]  transformation_block_inst/U1140  
                data_in[438]  transformation_block_inst/vector_mult_inst/U2062  
                data_in[439]  transformation_block_inst/U1310  
                data_in[440]  FE_OCPC9206_data_in_7__0  
                data_in[441]  transformation_block_inst/vector_mult_inst/U272  
                data_in[442]  transformation_block_inst/U808  
                data_in[443]  transformation_block_inst/vector_mult_inst/U287  
                data_in[444]  transformation_block_inst/vector_mult_inst/U284  
                data_in[445]  transformation_block_inst/vector_mult_inst/U415  
                data_in[446]  transformation_block_inst/vector_mult_inst/U210  
                data_in[447]  transformation_block_inst/vector_mult_inst/U929  
                data_in[448]  transformation_block_inst/U798  
                data_in[449]  transformation_block_inst/U790  
                data_in[450]  transformation_block_inst/vector_mult_inst/U2244  
                data_in[451]  transformation_block_inst/vector_mult_inst/U2253  
                data_in[452]  transformation_block_inst/U816  
                data_in[453]  transformation_block_inst/U814  
                data_in[454]  transformation_block_inst/vector_mult_inst/U2269  
                data_in[455]  transformation_block_inst/U810  
                data_in[456]  transformation_block_inst/U925  
                data_in[457]  transformation_block_inst/U927  
                data_in[458]  transformation_block_inst/U909  
                data_in[459]  transformation_block_inst/U913  
                data_in[460]  transformation_block_inst/vector_mult_inst/U2213  
                data_in[461]  transformation_block_inst/vector_mult_inst/U817  
                data_in[462]  transformation_block_inst/vector_mult_inst/U2226  
                data_in[463]  transformation_block_inst/U921  
                data_in[464]  transformation_block_inst/vector_mult_inst/U2237  
                data_in[465]  transformation_block_inst/U915  
                data_in[466]  transformation_block_inst/vector_mult_inst/FE_OFC211_data_in_2__1  
                data_in[467]  transformation_block_inst/U933  
                data_in[468]  transformation_block_inst/U919  
                data_in[469]  transformation_block_inst/U864  
                data_in[470]  transformation_block_inst/vector_mult_inst/U3459  
                data_in[471]  transformation_block_inst/vector_mult_inst/U2188  
                data_in[472]  transformation_block_inst/vector_mult_inst/U2196  
                data_in[473]  transformation_block_inst/vector_mult_inst/U2202  
                data_in[474]  transformation_block_inst/vector_mult_inst/U297  
                data_in[475]  transformation_block_inst/U834  
                data_in[476]  transformation_block_inst/U830  
                data_in[477]  transformation_block_inst/U1467  
                data_in[478]  transformation_block_inst/U1505  
                data_in[479]  transformation_block_inst/vector_mult_inst/U181  
                       start  transformation_block_inst/FE_RC_5_0  
                       reset  transformation_block_inst/scratchpad_inst_memory_reg_91__4_  
                         clk  transformation_block_inst/CTS_ccl_a_buf_00012  519  519  
# Pins: 
    ------------------------------
    Correctness of Pin Connectivity for All Instances
    ------------------------------
    # Floating Terms  0  
    # Output Term Marked Tie Hi/Lo  0  
    # Output Term Shorted to PG Net  0  74339  
# PG Pins: 
    ------------------------------
    Correctness of PG Pin Connectivity for All Instances
    ------------------------------
    # Instances that No Net Defined for Any PG Pin  0  
    # Floating PG Terms  0  
    # PG Pins Connect to Non-PG Net  0  
    # Power Pins Connect Ground Net  0  
    # Ground Pins Connect Power Net  0  85998  
Average Pins Per Net(Signal): 3.012  

==============================
General Library Information
==============================
# Routing Layers: 10  
# Masterslice Layers: 4  
# Pin Layers: 
    General Caution:
        1) Library have M1 and M2 pins, you should setPlaceMode -prerouteAsObs {1 2 3}                                 to ensure these pins are accessible after placement

    ------------------------------
    Pin Layers
    ------------------------------
    M2  
    M1  2  
# Layers: 
    ------------------------------
    Layer Pad Information
    ------------------------------
    Type  Routing  
    Wire Pitch X  0.320 um  
    Wire Pitch Y  0.320 um  
    Offset X  0.160 um  
    Offset Y  0.160 um  
    Wire Width  0.160 um  
    Spacing  8.000 um  
    ------------------------------
    Layer V9 Information
    ------------------------------
    Type  Cut  
    Wire Width  0.160 um  
    Vias  
        ------------------------------
        Via list in layer V9
        ------------------------------
                  Vias in V9  Default  
                     VIA9Pad      Yes  For complete list click here  
    Multiple Orientation Vias  CAUTION: There is only one default via in this layer  
    ------------------------------
    Layer M9 Information
    ------------------------------
    Type  Routing  
    Wire Pitch X  0.320 um  
    Wire Pitch Y  0.320 um  
    Offset X  0.160 um  
    Offset Y  0.160 um  
    Wire Width  0.160 um  
    Spacing  0.160 um  
    ------------------------------
    Layer V8 Information
    ------------------------------
    Type  Cut  
    Wire Width  0.160 um  
    Vias  
        ------------------------------
        Via list in layer V8
        ------------------------------
                  Vias in V8  Default  
                       VIA89      Yes  For complete list click here  
    Multiple Orientation Vias  CAUTION: There is only one default via in this layer  
    ------------------------------
    Layer M8 Information
    ------------------------------
    Type  Routing  
    Wire Pitch X  0.320 um  
    Wire Pitch Y  0.320 um  
    Offset X  0.160 um  
    Offset Y  0.160 um  
    Wire Width  0.160 um  
    Spacing  0.160 um  
    ------------------------------
    Layer V7 Information
    ------------------------------
    Type  Cut  
    Wire Width  0.128 um  
    Vias  
        ------------------------------
        Via list in layer V7
        ------------------------------
                  Vias in V7  Default  
                       VIA78      Yes  For complete list click here  
    Multiple Orientation Vias  CAUTION: There is only one default via in this layer  
    ------------------------------
    Layer M7 Information
    ------------------------------
    Type  Routing  
    Wire Pitch X  0.256 um  
    Wire Pitch Y  0.256 um  
    Offset X  0.128 um  
    Offset Y  0.128 um  
    Wire Width  0.128 um  
    Spacing  0.128 um  
    ------------------------------
    Layer V6 Information
    ------------------------------
    Type  Cut  
    Vias  
        ------------------------------
        Via list in layer V6
        ------------------------------
                  Vias in V6  Default  
                       VIA67      Yes  For complete list click here  
    Multiple Orientation Vias  CAUTION: There is only one default via in this layer  
    ------------------------------
    Layer M6 Information
    ------------------------------
    Type  Routing  
    Wire Pitch X  0.256 um  
    Wire Pitch Y  0.256 um  
    Offset X  0.128 um  
    Offset Y  0.128 um  
    Wire Width  0.128 um  
    Spacing  0.128 um  
    ------------------------------
    Layer V5 Information
    ------------------------------
    Type  Cut  
    Vias  
        ------------------------------
        Via list in layer V5
        ------------------------------
                  Vias in V5  Default  
                       VIA56      Yes  For complete list click here  
    Multiple Orientation Vias  CAUTION: There is only one default via in this layer  
    ------------------------------
    Layer M5 Information
    ------------------------------
    Type  Routing  
    Wire Pitch X  0.192 um  
    Wire Pitch Y  0.192 um  
    Wire Width  0.096 um  
    Spacing  0.096 um  
    ------------------------------
    Layer V4 Information
    ------------------------------
    Type  Cut  
    Vias  
        ------------------------------
        Via list in layer V4
        ------------------------------
                  Vias in V4  Default  
                       VIA45      Yes  For complete list click here  
    Multiple Orientation Vias  CAUTION: There is only one default via in this layer  
    ------------------------------
    Layer M4 Information
    ------------------------------
    Type  Routing  
    Wire Pitch X  0.192 um  
    Wire Pitch Y  0.192 um  
    Offset X  0.012 um  
    Offset Y  0.012 um  
    Wire Width  0.096 um  
    Spacing  0.096 um  
    ------------------------------
    Layer V3 Information
    ------------------------------
    Type  Cut  
    Vias  
        ------------------------------
        Via list in layer V3
        ------------------------------
                  Vias in V3  Default  
                       VIA34      Yes  For complete list click here  
    Multiple Orientation Vias  CAUTION: There is only one default via in this layer  
    ------------------------------
    Layer M3 Information
    ------------------------------
    Type  Routing  
    Wire Pitch X  0.144 um  
    Wire Pitch Y  0.144 um  
    Wire Width  0.072 um  
    Spacing  0.072 um  
    ------------------------------
    Layer V2 Information
    ------------------------------
    Type  Cut  
    Wire Width  0.072 um  
    Vias  
        ------------------------------
        Via list in layer V2
        ------------------------------
                  Vias in V2  Default  
                       VIA23      Yes  For complete list click here  
    Multiple Orientation Vias  CAUTION: There is only one default via in this layer  
    ------------------------------
    Layer M2 Information
    ------------------------------
    Type  Routing  
    Wire Pitch X  0.144 um  
    Wire Pitch Y  0.144 um  
    Wire Width  0.072 um  
    Spacing  0.072 um  
    ------------------------------
    Layer V1 Information
    ------------------------------
    Type  Cut  
    Wire Width  0.072 um  
    Vias  
        ------------------------------
        Via list in layer V1
        ------------------------------
                  Vias in V1  Default  
                       VIA12      Yes  For complete list click here  
    Multiple Orientation Vias  CAUTION: There is only one default via in this layer  
    ------------------------------
    Layer M1 Information
    ------------------------------
    Type  Routing  
    Wire Pitch X  0.144 um  
    Wire Pitch Y  0.144 um  
    Wire Width  0.072 um  
    Spacing  0.072 um  
    ------------------------------
    Layer V0 Information
    ------------------------------
    Type  Cut  
    Wire Width  0.072 um  
    Vias  
        ------------------------------
        Via list in layer V0
        ------------------------------  
    ------------------------------
    Layer Active Information
    ------------------------------
    Type  Masterslice  
    ------------------------------
    Layer Gate Information
    ------------------------------
    Type  Masterslice  
    ------------------------------
    Layer OVERLAP Information
    ------------------------------
    Type  Overlap  25  
# Pins without Physical Port: 0  
# Pins in Library without Timing Lib: 0  
# Pins Missing Direction: 0  
Antenna Summary Report: 
    General Caution:
        1) All Antenna Constructs are absent for the layer section of LEF.
        2) All Antenna Constructs are absent for the macro section of LEF.For more information click here  
# Cells Missing LEF Info: 0  
# Cells with Dimension Errors: 
    ------------------------------
    Size of cell is not an integer multiple of its site
    ------------------------------
               Cell Name        Tech Site name  
    ICGx2p67DC_ASAP7_75t_R           asap7sc7p5t  
     ICGx4DC_ASAP7_75t_R           asap7sc7p5t  
    ICGx5p33DC_ASAP7_75t_R           asap7sc7p5t  
    ICGx6p67DC_ASAP7_75t_R           asap7sc7p5t  
     ICGx8DC_ASAP7_75t_R           asap7sc7p5t  5  

==============================
Netlist Information
==============================
# HFO (>200) Nets: 0  
# No-driven Nets: 577  
    General Caution:
        1) TODO
    No-driven Nets  
    transformation_block_inst/weight_col_out[0]  
    transformation_block_inst/weight_col_out[1]  
    transformation_block_inst/weight_col_out[2]  
    transformation_block_inst/weight_col_out[3]  
    transformation_block_inst/weight_col_out[5]  
    transformation_block_inst/weight_col_out[6]  
    transformation_block_inst/weight_col_out[7]  
    transformation_block_inst/weight_col_out[8]  
    transformation_block_inst/weight_col_out[9]  
    transformation_block_inst/weight_col_out[10]  
    transformation_block_inst/weight_col_out[11]  
    transformation_block_inst/weight_col_out[12]  
    transformation_block_inst/weight_col_out[14]  
    transformation_block_inst/weight_col_out[15]  
    transformation_block_inst/weight_col_out[16]  
    transformation_block_inst/weight_col_out[17]  
    transformation_block_inst/weight_col_out[18]  
    transformation_block_inst/weight_col_out[19]  
    transformation_block_inst/weight_col_out[20]  
    transformation_block_inst/weight_col_out[21]  
    transformation_block_inst/weight_col_out[22]  
    transformation_block_inst/weight_col_out[23]  
    transformation_block_inst/weight_col_out[24]  
    transformation_block_inst/weight_col_out[25]  
    transformation_block_inst/weight_col_out[26]  
    transformation_block_inst/weight_col_out[27]  
    transformation_block_inst/weight_col_out[28]  
    transformation_block_inst/weight_col_out[29]  
    transformation_block_inst/weight_col_out[30]  
    transformation_block_inst/weight_col_out[31]  
    transformation_block_inst/weight_col_out[32]  
    transformation_block_inst/weight_col_out[33]  
    transformation_block_inst/weight_col_out[34]  
    transformation_block_inst/weight_col_out[35]  
    transformation_block_inst/weight_col_out[36]  
    transformation_block_inst/weight_col_out[37]  
    transformation_block_inst/weight_col_out[38]  
    transformation_block_inst/weight_col_out[39]  
    transformation_block_inst/weight_col_out[40]  
    transformation_block_inst/weight_col_out[41]  
    transformation_block_inst/weight_col_out[42]  
    transformation_block_inst/weight_col_out[43]  
    transformation_block_inst/weight_col_out[44]  
    transformation_block_inst/weight_col_out[45]  
    transformation_block_inst/weight_col_out[46]  
    transformation_block_inst/weight_col_out[47]  
    transformation_block_inst/weight_col_out[48]  
    transformation_block_inst/weight_col_out[49]  
    transformation_block_inst/weight_col_out[50]  
    transformation_block_inst/weight_col_out[51]  
    transformation_block_inst/weight_col_out[53]  
    transformation_block_inst/weight_col_out[54]  
    transformation_block_inst/weight_col_out[55]  
    transformation_block_inst/weight_col_out[56]  
    transformation_block_inst/weight_col_out[57]  
    transformation_block_inst/weight_col_out[58]  
    transformation_block_inst/weight_col_out[59]  
    transformation_block_inst/weight_col_out[60]  
    transformation_block_inst/weight_col_out[61]  
    transformation_block_inst/weight_col_out[62]  
    transformation_block_inst/weight_col_out[63]  
    transformation_block_inst/weight_col_out[64]  
    transformation_block_inst/weight_col_out[65]  
    transformation_block_inst/weight_col_out[66]  
    transformation_block_inst/weight_col_out[67]  
    transformation_block_inst/weight_col_out[68]  
    transformation_block_inst/weight_col_out[69]  
    transformation_block_inst/weight_col_out[70]  
    transformation_block_inst/weight_col_out[71]  
    transformation_block_inst/weight_col_out[72]  
    transformation_block_inst/weight_col_out[73]  
    transformation_block_inst/weight_col_out[74]  
    transformation_block_inst/weight_col_out[75]  
    transformation_block_inst/weight_col_out[76]  
    transformation_block_inst/weight_col_out[77]  
    transformation_block_inst/weight_col_out[78]  
    transformation_block_inst/weight_col_out[79]  
    transformation_block_inst/weight_col_out[80]  
    transformation_block_inst/weight_col_out[81]  
    transformation_block_inst/weight_col_out[82]  
    transformation_block_inst/weight_col_out[83]  
    transformation_block_inst/weight_col_out[84]  
    transformation_block_inst/weight_col_out[85]  
    transformation_block_inst/weight_col_out[86]  
    transformation_block_inst/weight_col_out[87]  
    transformation_block_inst/weight_col_out[88]  
    transformation_block_inst/weight_col_out[89]  
    transformation_block_inst/weight_col_out[90]  
    transformation_block_inst/weight_col_out[91]  
    transformation_block_inst/weight_col_out[92]  
    transformation_block_inst/weight_col_out[93]  
    transformation_block_inst/weight_col_out[94]  
    transformation_block_inst/weight_col_out[95]  
    transformation_block_inst/weight_col_out[96]  
    transformation_block_inst/weight_col_out[97]  
    transformation_block_inst/weight_col_out[98]  
    transformation_block_inst/weight_col_out[99]  
    transformation_block_inst/weight_col_out[100]  
    transformation_block_inst/weight_col_out[101]  
    transformation_block_inst/weight_col_out[102]  
    transformation_block_inst/weight_col_out[103]  
    transformation_block_inst/weight_col_out[104]  
    transformation_block_inst/weight_col_out[105]  
    transformation_block_inst/weight_col_out[106]  
    transformation_block_inst/weight_col_out[107]  
    transformation_block_inst/weight_col_out[109]  
    transformation_block_inst/weight_col_out[110]  
    transformation_block_inst/weight_col_out[111]  
    transformation_block_inst/weight_col_out[112]  
    transformation_block_inst/weight_col_out[113]  
    transformation_block_inst/weight_col_out[114]  
    transformation_block_inst/weight_col_out[115]  
    transformation_block_inst/weight_col_out[116]  
    transformation_block_inst/weight_col_out[117]  
    transformation_block_inst/weight_col_out[118]  
    transformation_block_inst/weight_col_out[120]  
    transformation_block_inst/weight_col_out[121]  
    transformation_block_inst/weight_col_out[122]  
    transformation_block_inst/weight_col_out[123]  
    transformation_block_inst/weight_col_out[124]  
    transformation_block_inst/weight_col_out[125]  
    transformation_block_inst/weight_col_out[126]  
    transformation_block_inst/weight_col_out[127]  
    transformation_block_inst/weight_col_out[128]  
    transformation_block_inst/weight_col_out[129]  
    transformation_block_inst/weight_col_out[130]  
    transformation_block_inst/weight_col_out[131]  
    transformation_block_inst/weight_col_out[132]  
    transformation_block_inst/weight_col_out[133]  
    transformation_block_inst/weight_col_out[134]  
    transformation_block_inst/weight_col_out[135]  
    transformation_block_inst/weight_col_out[137]  
    transformation_block_inst/weight_col_out[138]  
    transformation_block_inst/weight_col_out[139]  
    transformation_block_inst/weight_col_out[140]  
    transformation_block_inst/weight_col_out[141]  
    transformation_block_inst/weight_col_out[142]  
    transformation_block_inst/weight_col_out[143]  
    transformation_block_inst/weight_col_out[144]  
    transformation_block_inst/weight_col_out[145]  
    transformation_block_inst/weight_col_out[146]  
    transformation_block_inst/weight_col_out[147]  
    transformation_block_inst/weight_col_out[148]  
    transformation_block_inst/weight_col_out[149]  
    transformation_block_inst/weight_col_out[150]  
    transformation_block_inst/weight_col_out[151]  
    transformation_block_inst/weight_col_out[152]  
    transformation_block_inst/weight_col_out[153]  
    transformation_block_inst/weight_col_out[154]  
    transformation_block_inst/weight_col_out[155]  
    transformation_block_inst/weight_col_out[156]  
    transformation_block_inst/weight_col_out[157]  
    transformation_block_inst/weight_col_out[158]  
    transformation_block_inst/weight_col_out[159]  
    transformation_block_inst/weight_col_out[160]  
    transformation_block_inst/weight_col_out[161]  
    transformation_block_inst/weight_col_out[162]  
    transformation_block_inst/weight_col_out[163]  
    transformation_block_inst/weight_col_out[164]  
    transformation_block_inst/weight_col_out[165]  
    transformation_block_inst/weight_col_out[166]  
    transformation_block_inst/weight_col_out[167]  
    transformation_block_inst/weight_col_out[169]  
    transformation_block_inst/weight_col_out[170]  
    transformation_block_inst/weight_col_out[171]  
    transformation_block_inst/weight_col_out[172]  
    transformation_block_inst/weight_col_out[173]  
    transformation_block_inst/weight_col_out[174]  
    transformation_block_inst/weight_col_out[175]  
    transformation_block_inst/weight_col_out[176]  
    transformation_block_inst/weight_col_out[177]  
    transformation_block_inst/weight_col_out[178]  
    transformation_block_inst/weight_col_out[179]  
    transformation_block_inst/weight_col_out[180]  
    transformation_block_inst/weight_col_out[181]  
    transformation_block_inst/weight_col_out[182]  
    transformation_block_inst/weight_col_out[183]  
    transformation_block_inst/weight_col_out[184]  
    transformation_block_inst/weight_col_out[185]  
    transformation_block_inst/weight_col_out[186]  
    transformation_block_inst/weight_col_out[187]  
    transformation_block_inst/weight_col_out[188]  
    transformation_block_inst/weight_col_out[189]  
    transformation_block_inst/weight_col_out[190]  
    transformation_block_inst/weight_col_out[191]  
    transformation_block_inst/weight_col_out[192]  
    transformation_block_inst/weight_col_out[193]  
    transformation_block_inst/weight_col_out[194]  
    transformation_block_inst/weight_col_out[195]  
    transformation_block_inst/weight_col_out[196]  
    transformation_block_inst/weight_col_out[197]  
    transformation_block_inst/weight_col_out[198]  
    transformation_block_inst/weight_col_out[199]  
    transformation_block_inst/weight_col_out[200]  
    transformation_block_inst/weight_col_out[201]  
    transformation_block_inst/weight_col_out[202]  
    transformation_block_inst/weight_col_out[203]  
    transformation_block_inst/weight_col_out[204]  
    transformation_block_inst/weight_col_out[205]  
    transformation_block_inst/weight_col_out[206]  
    transformation_block_inst/weight_col_out[209]  
    transformation_block_inst/weight_col_out[210]  
    transformation_block_inst/weight_col_out[211]  
    transformation_block_inst/weight_col_out[212]  
    transformation_block_inst/weight_col_out[213]  
    transformation_block_inst/weight_col_out[214]  
    transformation_block_inst/weight_col_out[215]  
    transformation_block_inst/weight_col_out[216]  
    transformation_block_inst/weight_col_out[217]  
    transformation_block_inst/weight_col_out[218]  
    transformation_block_inst/weight_col_out[219]  
    transformation_block_inst/weight_col_out[220]  
    transformation_block_inst/weight_col_out[221]  
    transformation_block_inst/weight_col_out[222]  
    transformation_block_inst/weight_col_out[223]  
    transformation_block_inst/weight_col_out[224]  
    transformation_block_inst/weight_col_out[225]  
    transformation_block_inst/weight_col_out[226]  
    transformation_block_inst/weight_col_out[227]  
    transformation_block_inst/weight_col_out[228]  
    transformation_block_inst/weight_col_out[229]  
    transformation_block_inst/weight_col_out[230]  
    transformation_block_inst/weight_col_out[231]  
    transformation_block_inst/weight_col_out[232]  
    transformation_block_inst/weight_col_out[234]  
    transformation_block_inst/weight_col_out[235]  
    transformation_block_inst/weight_col_out[236]  
    transformation_block_inst/weight_col_out[237]  
    transformation_block_inst/weight_col_out[238]  
    transformation_block_inst/weight_col_out[239]  
    transformation_block_inst/weight_col_out[240]  
    transformation_block_inst/weight_col_out[242]  
    transformation_block_inst/weight_col_out[243]  
    transformation_block_inst/weight_col_out[244]  
    transformation_block_inst/weight_col_out[245]  
    transformation_block_inst/weight_col_out[246]  
    transformation_block_inst/weight_col_out[249]  
    transformation_block_inst/weight_col_out[250]  
    transformation_block_inst/weight_col_out[251]  
    transformation_block_inst/weight_col_out[252]  
    transformation_block_inst/weight_col_out[253]  
    transformation_block_inst/weight_col_out[254]  
    transformation_block_inst/weight_col_out[255]  
    transformation_block_inst/weight_col_out[256]  
    transformation_block_inst/weight_col_out[257]  
    transformation_block_inst/weight_col_out[258]  
    transformation_block_inst/weight_col_out[259]  
    transformation_block_inst/weight_col_out[260]  
    transformation_block_inst/weight_col_out[261]  
    transformation_block_inst/weight_col_out[262]  
    transformation_block_inst/weight_col_out[263]  
    transformation_block_inst/weight_col_out[264]  
    transformation_block_inst/weight_col_out[266]  
    transformation_block_inst/weight_col_out[267]  
    transformation_block_inst/weight_col_out[268]  
    transformation_block_inst/weight_col_out[269]  
    transformation_block_inst/weight_col_out[270]  
    transformation_block_inst/weight_col_out[271]  
    transformation_block_inst/weight_col_out[272]  
    transformation_block_inst/weight_col_out[273]  
    transformation_block_inst/weight_col_out[274]  
    transformation_block_inst/weight_col_out[275]  
    transformation_block_inst/weight_col_out[276]  
    transformation_block_inst/weight_col_out[277]  
    transformation_block_inst/weight_col_out[279]  
    transformation_block_inst/weight_col_out[280]  
    transformation_block_inst/weight_col_out[281]  
    transformation_block_inst/weight_col_out[282]  
    transformation_block_inst/weight_col_out[283]  
    transformation_block_inst/weight_col_out[284]  
    transformation_block_inst/weight_col_out[285]  
    transformation_block_inst/weight_col_out[286]  
    transformation_block_inst/weight_col_out[287]  
    transformation_block_inst/weight_col_out[288]  
    transformation_block_inst/weight_col_out[289]  
    transformation_block_inst/weight_col_out[290]  
    transformation_block_inst/weight_col_out[291]  
    transformation_block_inst/weight_col_out[292]  
    transformation_block_inst/weight_col_out[293]  
    transformation_block_inst/weight_col_out[294]  
    transformation_block_inst/weight_col_out[295]  
    transformation_block_inst/weight_col_out[296]  
    transformation_block_inst/weight_col_out[297]  
    transformation_block_inst/weight_col_out[298]  
    transformation_block_inst/weight_col_out[299]  
    transformation_block_inst/weight_col_out[300]  
    transformation_block_inst/weight_col_out[301]  
    transformation_block_inst/weight_col_out[302]  
    transformation_block_inst/weight_col_out[303]  
    transformation_block_inst/weight_col_out[304]  
    transformation_block_inst/weight_col_out[305]  
    transformation_block_inst/weight_col_out[306]  
    transformation_block_inst/weight_col_out[307]  
    transformation_block_inst/weight_col_out[308]  
    transformation_block_inst/weight_col_out[309]  
    transformation_block_inst/weight_col_out[310]  
    transformation_block_inst/weight_col_out[311]  
    transformation_block_inst/weight_col_out[312]  
    transformation_block_inst/weight_col_out[313]  
    transformation_block_inst/weight_col_out[314]  
    transformation_block_inst/weight_col_out[315]  
    transformation_block_inst/weight_col_out[316]  
    transformation_block_inst/weight_col_out[317]  
    transformation_block_inst/weight_col_out[318]  
    transformation_block_inst/weight_col_out[319]  
    transformation_block_inst/weight_col_out[320]  
    transformation_block_inst/weight_col_out[321]  
    transformation_block_inst/weight_col_out[322]  
    transformation_block_inst/weight_col_out[323]  
    transformation_block_inst/weight_col_out[324]  
    transformation_block_inst/weight_col_out[325]  
    transformation_block_inst/weight_col_out[326]  
    transformation_block_inst/weight_col_out[327]  
    transformation_block_inst/weight_col_out[328]  
    transformation_block_inst/weight_col_out[330]  
    transformation_block_inst/weight_col_out[331]  
    transformation_block_inst/weight_col_out[332]  
    transformation_block_inst/weight_col_out[333]  
    transformation_block_inst/weight_col_out[334]  
    transformation_block_inst/weight_col_out[335]  
    transformation_block_inst/weight_col_out[336]  
    transformation_block_inst/weight_col_out[338]  
    transformation_block_inst/weight_col_out[339]  
    transformation_block_inst/weight_col_out[340]  
    transformation_block_inst/weight_col_out[341]  
    transformation_block_inst/weight_col_out[342]  
    transformation_block_inst/weight_col_out[343]  
    transformation_block_inst/weight_col_out[344]  
    transformation_block_inst/weight_col_out[345]  
    transformation_block_inst/weight_col_out[346]  
    transformation_block_inst/weight_col_out[347]  
    transformation_block_inst/weight_col_out[348]  
    transformation_block_inst/weight_col_out[349]  
    transformation_block_inst/weight_col_out[350]  
    transformation_block_inst/weight_col_out[351]  
    transformation_block_inst/weight_col_out[352]  
    transformation_block_inst/weight_col_out[353]  
    transformation_block_inst/weight_col_out[354]  
    transformation_block_inst/weight_col_out[355]  
    transformation_block_inst/weight_col_out[356]  
    transformation_block_inst/weight_col_out[357]  
    transformation_block_inst/weight_col_out[358]  
    transformation_block_inst/weight_col_out[359]  
    transformation_block_inst/weight_col_out[360]  
    transformation_block_inst/weight_col_out[361]  
    transformation_block_inst/weight_col_out[362]  
    transformation_block_inst/weight_col_out[363]  
    transformation_block_inst/weight_col_out[364]  
    transformation_block_inst/weight_col_out[365]  
    transformation_block_inst/weight_col_out[366]  
    transformation_block_inst/weight_col_out[367]  
    transformation_block_inst/weight_col_out[368]  
    transformation_block_inst/weight_col_out[369]  
    transformation_block_inst/weight_col_out[371]  
    transformation_block_inst/weight_col_out[372]  
    transformation_block_inst/weight_col_out[373]  
    transformation_block_inst/weight_col_out[376]  
    transformation_block_inst/weight_col_out[377]  
    transformation_block_inst/weight_col_out[378]  
    transformation_block_inst/weight_col_out[379]  
    transformation_block_inst/weight_col_out[380]  
    transformation_block_inst/weight_col_out[381]  
    transformation_block_inst/weight_col_out[382]  
    transformation_block_inst/weight_col_out[383]  
    transformation_block_inst/weight_col_out[384]  
    transformation_block_inst/weight_col_out[385]  
    transformation_block_inst/weight_col_out[386]  
    transformation_block_inst/weight_col_out[387]  
    transformation_block_inst/weight_col_out[388]  
    transformation_block_inst/weight_col_out[389]  
    transformation_block_inst/weight_col_out[390]  
    transformation_block_inst/weight_col_out[391]  
    transformation_block_inst/weight_col_out[392]  
    transformation_block_inst/weight_col_out[393]  
    transformation_block_inst/weight_col_out[394]  
    transformation_block_inst/weight_col_out[395]  
    transformation_block_inst/weight_col_out[396]  
    transformation_block_inst/weight_col_out[397]  
    transformation_block_inst/weight_col_out[398]  
    transformation_block_inst/weight_col_out[399]  
    transformation_block_inst/weight_col_out[400]  
    transformation_block_inst/weight_col_out[401]  
    transformation_block_inst/weight_col_out[402]  
    transformation_block_inst/weight_col_out[403]  
    transformation_block_inst/weight_col_out[404]  
    transformation_block_inst/weight_col_out[405]  
    transformation_block_inst/weight_col_out[406]  
    transformation_block_inst/weight_col_out[407]  
    transformation_block_inst/weight_col_out[408]  
    transformation_block_inst/weight_col_out[409]  
    transformation_block_inst/weight_col_out[410]  
    transformation_block_inst/weight_col_out[411]  
    transformation_block_inst/weight_col_out[412]  
    transformation_block_inst/weight_col_out[413]  
    transformation_block_inst/weight_col_out[414]  
    transformation_block_inst/weight_col_out[415]  
    transformation_block_inst/weight_col_out[416]  
    transformation_block_inst/weight_col_out[417]  
    transformation_block_inst/weight_col_out[418]  
    transformation_block_inst/weight_col_out[419]  
    transformation_block_inst/weight_col_out[420]  
    transformation_block_inst/weight_col_out[421]  
    transformation_block_inst/weight_col_out[422]  
    transformation_block_inst/weight_col_out[423]  
    transformation_block_inst/weight_col_out[424]  
    transformation_block_inst/weight_col_out[425]  
    transformation_block_inst/weight_col_out[426]  
    transformation_block_inst/weight_col_out[427]  
    transformation_block_inst/weight_col_out[428]  
    transformation_block_inst/weight_col_out[429]  
    transformation_block_inst/weight_col_out[430]  
    transformation_block_inst/weight_col_out[431]  
    transformation_block_inst/weight_col_out[432]  
    transformation_block_inst/weight_col_out[433]  
    transformation_block_inst/weight_col_out[434]  
    transformation_block_inst/weight_col_out[435]  
    transformation_block_inst/weight_col_out[436]  
    transformation_block_inst/weight_col_out[437]  
    transformation_block_inst/weight_col_out[438]  
    transformation_block_inst/weight_col_out[439]  
    transformation_block_inst/weight_col_out[440]  
    transformation_block_inst/weight_col_out[441]  
    transformation_block_inst/weight_col_out[442]  
    transformation_block_inst/weight_col_out[444]  
    transformation_block_inst/weight_col_out[445]  
    transformation_block_inst/weight_col_out[446]  
    transformation_block_inst/weight_col_out[447]  
    transformation_block_inst/weight_col_out[448]  
    transformation_block_inst/weight_col_out[449]  
    transformation_block_inst/weight_col_out[450]  
    transformation_block_inst/weight_col_out[451]  
    transformation_block_inst/weight_col_out[452]  
    transformation_block_inst/weight_col_out[453]  
    transformation_block_inst/weight_col_out[454]  
    transformation_block_inst/weight_col_out[455]  
    transformation_block_inst/weight_col_out[456]  
    transformation_block_inst/weight_col_out[457]  
    transformation_block_inst/weight_col_out[458]  
    transformation_block_inst/weight_col_out[459]  
    transformation_block_inst/weight_col_out[460]  
    transformation_block_inst/weight_col_out[461]  
    transformation_block_inst/weight_col_out[462]  
    transformation_block_inst/weight_col_out[463]  
    transformation_block_inst/weight_col_out[464]  
    transformation_block_inst/weight_col_out[465]  
    transformation_block_inst/weight_col_out[466]  
    transformation_block_inst/weight_col_out[467]  
    transformation_block_inst/weight_col_out[468]  
    transformation_block_inst/weight_col_out[469]  
    transformation_block_inst/weight_col_out[471]  
    transformation_block_inst/weight_col_out[472]  
    transformation_block_inst/weight_col_out[473]  
    transformation_block_inst/weight_col_out[474]  
    transformation_block_inst/weight_col_out[475]  
    transformation_block_inst/weight_col_out[476]  
    transformation_block_inst/weight_col_out[477]  
    transformation_block_inst/weight_col_out[478]  
    transformation_block_inst/weight_col_out[479]  
    SYNOPSYS_UNCONNECTED__8  
    SYNOPSYS_UNCONNECTED__7  
    SYNOPSYS_UNCONNECTED__6  
    SYNOPSYS_UNCONNECTED__5  
    SYNOPSYS_UNCONNECTED__4  
    SYNOPSYS_UNCONNECTED__3  
    SYNOPSYS_UNCONNECTED__2  
    SYNOPSYS_UNCONNECTED__1  
    SYNOPSYS_UNCONNECTED__0  
    read_address_10_  
    read_address[3]  
    read_address[4]  
    read_address[5]  
    read_address[6]  
    read_address[7]  
    read_address[8]  
    read_address[11]  
    read_address[12]  
    transformation_block_inst/vector_mult_inst/FE_OCPN2005_n2218  
    transformation_block_inst/FE_OCPN2006_n3193  
    transformation_block_inst/FE_OCPN2018_n2278  
    transformation_block_inst/FE_OCPN2023_n3142  
    transformation_block_inst/FE_OCPN2056_n3010  
    transformation_block_inst/FE_OCPN2072_n2005  
    transformation_block_inst/FE_OCPN2075_n2254  
    transformation_block_inst/FE_OCPN2082_n2035  
    transformation_block_inst/FE_OCPN2089_n2362  
    transformation_block_inst/FE_OCPN2090_n1765  
    transformation_block_inst/FE_OCPN2093_n2368  
    transformation_block_inst/FE_OCPN2106_n1978  
    transformation_block_inst/FE_OCPN2114_n1888  
    transformation_block_inst/FE_OCPN2118_n1825  
    transformation_block_inst/FE_OCPN2128_n3070  
    transformation_block_inst/FE_OCPN2139_n  
    transformation_block_inst/FE_OCPN2140_n3184  
    transformation_block_inst/FE_OCPN2143_n1843  
    transformation_block_inst/FE_OCPN3203_n1759  
    transformation_block_inst/FE_OCPN3210_n  
    transformation_block_inst/FE_OCPN3220_n  
    transformation_block_inst/FE_OCPN3223_n  
    transformation_block_inst/FE_OCPN3246_n3187  
    transformation_block_inst/FE_OCPN3249_n1882  
    transformation_block_inst/FE_OCPN3252_n1894  
    transformation_block_inst/vector_mult_inst/FE_OCPN3267_n  
    FE_RN_9809_0  
    transformation_block_inst/FE_OFN3292_n1918  
    transformation_block_inst/FE_OFN3304_n2008  
    transformation_block_inst/FE_OCPN3348_n1768  
    transformation_block_inst/FE_OCPN3411_n1762  
    transformation_block_inst/FE_OCPN3418_n2977  
    transformation_block_inst/vector_mult_inst/FE_OCPN3419_n2164  
    transformation_block_inst/FE_OCPN3421_n2404  
    transformation_block_inst/FE_OCPN3430_n2302  
    transformation_block_inst/FE_OCPN3445_n  
    transformation_block_inst/FE_OCPN3447_FE_OFN1972_n3145  
    transformation_block_inst/FE_OCPN3462_n2722  
    transformation_block_inst/FE_OCPN3495_n2845  
    transformation_block_inst/FE_OCPN3497_n1756  
    transformation_block_inst/FE_OCPN3501_n2356  
    transformation_block_inst/FE_OCPN3526_n2134  
    transformation_block_inst/FE_OCPN3564_n2311  
    transformation_block_inst/FE_OCPN3571_n2704  
    transformation_block_inst/vector_mult_inst/FE_OCPN3575_n2533  
    transformation_block_inst/vector_mult_inst/FE_OCPN3584_n2944  
    transformation_block_inst/FE_OCPN3632_n1819  
    transformation_block_inst/FE_OCPN3708_n1936  
    transformation_block_inst/FE_OCPN3713_n  
    transformation_block_inst/FE_OCPN3785_n2905  
    transformation_block_inst/vector_mult_inst/FE_OCPN3789_n  
    transformation_block_inst/FE_OCPN3791_n  
    transformation_block_inst/FE_OCPN3813_n2221  
    transformation_block_inst/FE_OCPN3832_n3100  
    transformation_block_inst/FE_OCPN3835_FE_OFN3304_n2008  
    transformation_block_inst/FE_OCPN3878_n  
    transformation_block_inst/FE_OCPN3882_n1777  
    transformation_block_inst/FE_OCPN3888_n2101  
    transformation_block_inst/FE_OCPN3921_n1984  
    transformation_block_inst/FE_OCPN3925_n2281  
    transformation_block_inst/FE_OCPN8117_n2014  
    transformation_block_inst/FE_OCPN8130_n3031  
    transformation_block_inst/FE_OCPN8204_n  
    transformation_block_inst/FE_OCPN8249_n  
    transformation_block_inst/vector_mult_inst/FE_RN_14719_0  
    transformation_block_inst/FE_OCPN8273_n  
    transformation_block_inst/FE_OCPN8329_n  
    transformation_block_inst/FE_OCPN8360_data_in_84__1  
    transformation_block_inst/vector_mult_inst/FE_OCPN139_n2962  
    transformation_block_inst/FE_OCPN8374_n  
    transformation_block_inst/FE_OCPN8376_n  
    transformation_block_inst/FE_OCPN8377_n2164  
    transformation_block_inst/FE_OCPN8384_n1771  
    transformation_block_inst/FE_OCPN8398_n  
    transformation_block_inst/FE_OCPN8406_n  
    transformation_block_inst/vector_mult_inst/FE_OCPN63_n2803  
    transformation_block_inst/FE_OCPN8433_n  
    transformation_block_inst/FE_OCPN8435_n  
    transformation_block_inst/FE_OCPN8445_n  
    transformation_block_inst/FE_OCPN8528_n  
    transformation_block_inst/vector_mult_inst/FE_OCPN147_n  
    transformation_block_inst/vector_mult_inst/FE_OCPN190_n  
    transformation_block_inst/FE_OCPN8610_n3127  
    transformation_block_inst/FE_OCPN8612_n  
    transformation_block_inst/FE_OCPN8623_n2965  
    transformation_block_inst/vector_mult_inst/FE_RN_89  
    transformation_block_inst/vector_mult_inst/FE_OFN8715_n2287  
    transformation_block_inst/vector_mult_inst/FE_RN_118  
    transformation_block_inst/vector_mult_inst/FE_OFN8817_n2773  
    transformation_block_inst/vector_mult_inst/FE_OFN8934_n2467  
    transformation_block_inst/vector_mult_inst/FE_OFN9051_n2377  
    transformation_block_inst/FE_OFN9075_n2878  
    transformation_block_inst/vector_mult_inst/FE_OFN9101_n2221  
    transformation_block_inst/vector_mult_inst/FE_OCPN90_FE_OFN3298_n1792  
    transformation_block_inst/vector_mult_inst/FE_OCPN294_FE_OFN8974_n2005  
    transformation_block_inst/vector_mult_inst/FE_OCPN307_n  
    transformation_block_inst/vector_mult_inst/FE_OCPN315_n  
    transformation_block_inst/FE_OCPN9950_n  
    transformation_block_inst/FE_OCPN10107_FE_OFN9078_data_in_87__0  
    transformation_block_inst/vector_mult_inst/FE_OCPN318_n2980  
    transformation_block_inst/vector_mult_inst/FE_OCPN313_n  
# Multi-driven Nets: 0  
# Assign Statements: 0  
Is Design Uniquified: YES  
# Pins in Netlist without timing lib: 0  

==============================

==============================
: Internal  External  
No of Nets:      24105           0  
No of Connections:      50753           0  
Total Net Length (X): 1.6476e+05  0.0000e+00  
Total Net Length (Y): 1.8026e+05  0.0000e+00  
Total Net Length: 3.4502e+05  0.0000e+00  

==============================
Timing Information
==============================
# Clocks in design: 
    ------------------------------
    Clocks in Design
    ------------------------------
    default_hold_view/clk  
    default_setup_view/clk  2  
# Generated clocks: 0  
# "dont_use" cells from .libs: 0  
# "dont_touch" cells from .libs: 0  
# Cells in .lib with max_tran: 
    ------------------------------
    Cell List with max_tran
    ------------------------------
               Cell Name  Max Transition (ps)  
    A2O1A1Ixp33_ASAP7_75t_R  320  
    A2O1A1O1Ixp25_ASAP7_75t_R  320  
      AND2x2_ASAP7_75t_R  4000  
      AND2x4_ASAP7_75t_R  4000  
      AND2x6_ASAP7_75t_R  4000  
      AND3x1_ASAP7_75t_R  4000  
      AND3x2_ASAP7_75t_R  4000  
      AND3x4_ASAP7_75t_R  4000  
      AND4x1_ASAP7_75t_R  4000  
      AND4x2_ASAP7_75t_R  4000  
      AND5x1_ASAP7_75t_R  4000  
      AND5x2_ASAP7_75t_R  4000  
     AO211x2_ASAP7_75t_R  320  
      AO21x1_ASAP7_75t_R  320  
      AO21x2_ASAP7_75t_R  320  
     AO221x1_ASAP7_75t_R  320  
     AO221x2_ASAP7_75t_R  320  
     AO222x2_ASAP7_75t_R  320  
      AO22x1_ASAP7_75t_R  320  
      AO22x2_ASAP7_75t_R  320  
      AO31x2_ASAP7_75t_R  320  
     AO322x2_ASAP7_75t_R  320  
      AO32x1_ASAP7_75t_R  320  
      AO32x2_ASAP7_75t_R  320  
     AO331x1_ASAP7_75t_R  320  
     AO331x2_ASAP7_75t_R  320  
     AO332x1_ASAP7_75t_R  320  
     AO332x2_ASAP7_75t_R  320  
     AO333x1_ASAP7_75t_R  320  
     AO333x2_ASAP7_75t_R  320  
      AO33x2_ASAP7_75t_R  320  
    AOI211x1_ASAP7_75t_R  320  
    AOI211xp5_ASAP7_75t_R  320  
     AOI21x1_ASAP7_75t_R  320  
    AOI21xp33_ASAP7_75t_R  320  
    AOI21xp5_ASAP7_75t_R  320  
    AOI221x1_ASAP7_75t_R  320  
    AOI221xp5_ASAP7_75t_R  320  
    AOI222xp33_ASAP7_75t_R  320  
     AOI22x1_ASAP7_75t_R  320  
    AOI22xp33_ASAP7_75t_R  320  
    AOI22xp5_ASAP7_75t_R  320  
    AOI311xp33_ASAP7_75t_R  320  
    AOI31xp33_ASAP7_75t_R  320  
    AOI31xp67_ASAP7_75t_R  320  
    AOI321xp33_ASAP7_75t_R  320  
    AOI322xp5_ASAP7_75t_R  320  
    AOI32xp33_ASAP7_75t_R  320  
    AOI331xp33_ASAP7_75t_R  320  
    AOI332xp33_ASAP7_75t_R  320  
    AOI333xp33_ASAP7_75t_R  320  
    AOI33xp33_ASAP7_75t_R  320  
    ASYNC_DFFHx1_ASAP7_75t_R  320  
      BUFx10_ASAP7_75t_R  320  
      BUFx12_ASAP7_75t_R  320  
     BUFx12f_ASAP7_75t_R  320  
     BUFx16f_ASAP7_75t_R  320  
      BUFx24_ASAP7_75t_R  320  
       BUFx2_ASAP7_75t_R  320  
       BUFx3_ASAP7_75t_R  320  
       BUFx4_ASAP7_75t_R  320  
      BUFx4f_ASAP7_75t_R  320  
       BUFx5_ASAP7_75t_R  320  
      BUFx6f_ASAP7_75t_R  320  
       BUFx8_ASAP7_75t_R  320  
    CKINVDCx10_ASAP7_75t_R  320  
    CKINVDCx11_ASAP7_75t_R  320  
    CKINVDCx12_ASAP7_75t_R  320  
    CKINVDCx14_ASAP7_75t_R  320  
    CKINVDCx16_ASAP7_75t_R  320  
    CKINVDCx20_ASAP7_75t_R  320  
    CKINVDCx5p33_ASAP7_75t_R  320  
    CKINVDCx6p67_ASAP7_75t_R  320  
    CKINVDCx8_ASAP7_75t_R  320  
    CKINVDCx9p33_ASAP7_75t_R  320  
    DFFHQNx1_ASAP7_75t_R  320  
    DFFHQNx2_ASAP7_75t_R  320  
    DFFHQNx3_ASAP7_75t_R  320  
     DFFHQx4_ASAP7_75t_R  320  
    DFFLQNx1_ASAP7_75t_R  320  
    DFFLQNx2_ASAP7_75t_R  320  
    DFFLQNx3_ASAP7_75t_R  320  
     DFFLQx4_ASAP7_75t_R  320  
       DHLx1_ASAP7_75t_R  320  
       DHLx2_ASAP7_75t_R  320  
       DHLx3_ASAP7_75t_R  320  
       DLLx1_ASAP7_75t_R  320  
       DLLx2_ASAP7_75t_R  320  
       DLLx3_ASAP7_75t_R  320  
        FAx1_ASAP7_75t_R  4000  
       HAxp5_ASAP7_75t_R  4000  
     HB1xp67_ASAP7_75t_R  320  
     HB2xp67_ASAP7_75t_R  320  
     HB3xp67_ASAP7_75t_R  320  
     HB4xp67_ASAP7_75t_R  320  
       ICGx1_ASAP7_75t_R  320  
       ICGx2_ASAP7_75t_R  320  
    ICGx2p67DC_ASAP7_75t_R  320  
       ICGx3_ASAP7_75t_R  320  
     ICGx4DC_ASAP7_75t_R  320  
       ICGx4_ASAP7_75t_R  320  
       ICGx5_ASAP7_75t_R  320  
    ICGx5p33DC_ASAP7_75t_R  320  
    ICGx6p67DC_ASAP7_75t_R  320  
     ICGx8DC_ASAP7_75t_R  320  
      INVx11_ASAP7_75t_R  320  
      INVx13_ASAP7_75t_R  320  
       INVx1_ASAP7_75t_R  320  
       INVx2_ASAP7_75t_R  320  
       INVx3_ASAP7_75t_R  320  
       INVx4_ASAP7_75t_R  320  
       INVx5_ASAP7_75t_R  320  
       INVx6_ASAP7_75t_R  320  
       INVx8_ASAP7_75t_R  320  
     INVxp33_ASAP7_75t_R  320  
     INVxp67_ASAP7_75t_R  320  
     MAJIxp5_ASAP7_75t_R  4000  
       MAJx2_ASAP7_75t_R  4000  
       MAJx3_ASAP7_75t_R  4000  
     NAND2x1_ASAP7_75t_R  4000  
    NAND2x1p5_ASAP7_75t_R  4000  
     NAND2x2_ASAP7_75t_R  4000  
    NAND2xp33_ASAP7_75t_R  4000  
    NAND2xp5_ASAP7_75t_R  4000  
    NAND2xp67_ASAP7_75t_R  4000  
     NAND3x1_ASAP7_75t_R  4000  
     NAND3x2_ASAP7_75t_R  4000  
    NAND3xp33_ASAP7_75t_R  4000  
    NAND4xp25_ASAP7_75t_R  4000  
    NAND4xp75_ASAP7_75t_R  4000  
    NAND5xp2_ASAP7_75t_R  4000  
      NOR2x1_ASAP7_75t_R  4000  
    NOR2x1p5_ASAP7_75t_R  4000  
      NOR2x2_ASAP7_75t_R  4000  
    NOR2xp33_ASAP7_75t_R  4000  
    NOR2xp67_ASAP7_75t_R  4000  
      NOR3x1_ASAP7_75t_R  4000  
      NOR3x2_ASAP7_75t_R  4000  
    NOR3xp33_ASAP7_75t_R  4000  
    NOR4xp25_ASAP7_75t_R  4000  
    NOR4xp75_ASAP7_75t_R  4000  
     NOR5xp2_ASAP7_75t_R  4000  
    O2A1O1Ixp33_ASAP7_75t_R  320  
    O2A1O1Ixp5_ASAP7_75t_R  320  
     OA211x2_ASAP7_75t_R  320  
      OA21x2_ASAP7_75t_R  320  
     OA221x2_ASAP7_75t_R  320  
     OA222x2_ASAP7_75t_R  320  
      OA22x2_ASAP7_75t_R  320  
      OA31x2_ASAP7_75t_R  320  
     OA331x1_ASAP7_75t_R  320  
     OA331x2_ASAP7_75t_R  320  
     OA332x1_ASAP7_75t_R  320  
     OA332x2_ASAP7_75t_R  320  
     OA333x1_ASAP7_75t_R  320  
     OA333x2_ASAP7_75t_R  320  
      OA33x2_ASAP7_75t_R  320  
    OAI211xp5_ASAP7_75t_R  320  
     OAI21x1_ASAP7_75t_R  320  
    OAI21xp33_ASAP7_75t_R  320  
    OAI21xp5_ASAP7_75t_R  320  
    OAI221xp5_ASAP7_75t_R  320  
    OAI222xp33_ASAP7_75t_R  320  
     OAI22x1_ASAP7_75t_R  320  
    OAI22xp33_ASAP7_75t_R  320  
    OAI22xp5_ASAP7_75t_R  320  
    OAI311xp33_ASAP7_75t_R  320  
    OAI31xp33_ASAP7_75t_R  320  
    OAI31xp67_ASAP7_75t_R  320  
    OAI321xp33_ASAP7_75t_R  320  
    OAI322xp33_ASAP7_75t_R  320  
    OAI32xp33_ASAP7_75t_R  320  
    OAI331xp33_ASAP7_75t_R  320  
    OAI332xp33_ASAP7_75t_R  320  
    OAI333xp33_ASAP7_75t_R  320  
    OAI33xp33_ASAP7_75t_R  320  
       OR2x2_ASAP7_75t_R  4000  
       OR2x4_ASAP7_75t_R  4000  
       OR2x6_ASAP7_75t_R  4000  
       OR3x1_ASAP7_75t_R  4000  
       OR3x2_ASAP7_75t_R  4000  
       OR3x4_ASAP7_75t_R  4000  
       OR4x1_ASAP7_75t_R  4000  
       OR4x2_ASAP7_75t_R  4000  
       OR5x1_ASAP7_75t_R  4000  
       OR5x2_ASAP7_75t_R  4000  
      SDFHx1_ASAP7_75t_R  320  
      SDFHx2_ASAP7_75t_R  320  
      SDFHx3_ASAP7_75t_R  320  
      SDFHx4_ASAP7_75t_R  320  
      SDFLx1_ASAP7_75t_R  320  
      SDFLx2_ASAP7_75t_R  320  
      SDFLx3_ASAP7_75t_R  320  
      SDFLx4_ASAP7_75t_R  320  
     TIEHIx1_ASAP7_75t_R  4000  
     TIELOx1_ASAP7_75t_R  4000  
     XNOR2x1_ASAP7_75t_R  4000  
     XNOR2x2_ASAP7_75t_R  4000  
    XNOR2xp5_ASAP7_75t_R  4000  
      XOR2x1_ASAP7_75t_R  4000  
      XOR2x2_ASAP7_75t_R  4000  
     XOR2xp5_ASAP7_75t_R  4000  202  
# Cells in .lib with max_cap: 
    ------------------------------
    Cell List with max_cap
    ------------------------------
               Cell Name  Max Capacitance (pf)  
    A2O1A1Ixp33_ASAP7_75t_R  0.023040  
    A2O1A1O1Ixp25_ASAP7_75t_R  0.023040  
      AND2x2_ASAP7_75t_R  0.092160  
      AND2x4_ASAP7_75t_R  0.184320  
      AND2x6_ASAP7_75t_R  0.368640  
      AND3x1_ASAP7_75t_R  0.046080  
      AND3x2_ASAP7_75t_R  0.092160  
      AND3x4_ASAP7_75t_R  0.184320  
      AND4x1_ASAP7_75t_R  0.046080  
      AND4x2_ASAP7_75t_R  0.092160  
      AND5x1_ASAP7_75t_R  0.368640  
      AND5x2_ASAP7_75t_R  0.368640  
     AO211x2_ASAP7_75t_R  0.092160  
      AO21x1_ASAP7_75t_R  0.046080  
      AO21x2_ASAP7_75t_R  0.092160  
     AO221x1_ASAP7_75t_R  0.046080  
     AO221x2_ASAP7_75t_R  0.092160  
     AO222x2_ASAP7_75t_R  0.092160  
      AO22x1_ASAP7_75t_R  0.046080  
      AO22x2_ASAP7_75t_R  0.092160  
      AO31x2_ASAP7_75t_R  0.092160  
     AO322x2_ASAP7_75t_R  0.092160  
      AO32x1_ASAP7_75t_R  0.046080  
      AO32x2_ASAP7_75t_R  0.092160  
     AO331x1_ASAP7_75t_R  0.046080  
     AO331x2_ASAP7_75t_R  0.092160  
     AO332x1_ASAP7_75t_R  0.046080  
     AO332x2_ASAP7_75t_R  0.092160  
     AO333x1_ASAP7_75t_R  0.046080  
     AO333x2_ASAP7_75t_R  0.092160  
      AO33x2_ASAP7_75t_R  0.092160  
    AOI211x1_ASAP7_75t_R  0.046080  
    AOI211xp5_ASAP7_75t_R  0.023040  
     AOI21x1_ASAP7_75t_R  0.023040  
    AOI21xp33_ASAP7_75t_R  0.023040  
    AOI21xp5_ASAP7_75t_R  0.023040  
    AOI221x1_ASAP7_75t_R  0.046080  
    AOI221xp5_ASAP7_75t_R  0.023040  
    AOI222xp33_ASAP7_75t_R  0.023040  
     AOI22x1_ASAP7_75t_R  0.046080  
    AOI22xp33_ASAP7_75t_R  0.023040  
    AOI22xp5_ASAP7_75t_R  0.023040  
    AOI311xp33_ASAP7_75t_R  0.023040  
    AOI31xp33_ASAP7_75t_R  0.023040  
    AOI31xp67_ASAP7_75t_R  0.023040  
    AOI321xp33_ASAP7_75t_R  0.023040  
    AOI322xp5_ASAP7_75t_R  0.023040  
    AOI32xp33_ASAP7_75t_R  0.023040  
    AOI331xp33_ASAP7_75t_R  0.023040  
    AOI332xp33_ASAP7_75t_R  0.023040  
    AOI333xp33_ASAP7_75t_R  0.023040  
    AOI33xp33_ASAP7_75t_R  0.023040  
    ASYNC_DFFHx1_ASAP7_75t_R  0.046080  
      BUFx10_ASAP7_75t_R  0.368640  
      BUFx12_ASAP7_75t_R  0.368640  
     BUFx12f_ASAP7_75t_R  0.368640  
     BUFx16f_ASAP7_75t_R  0.737280  
      BUFx24_ASAP7_75t_R  1.474560  
       BUFx2_ASAP7_75t_R  0.092160  
       BUFx3_ASAP7_75t_R  0.092160  
       BUFx4_ASAP7_75t_R  0.184320  
      BUFx4f_ASAP7_75t_R  0.184320  
       BUFx5_ASAP7_75t_R  0.184320  
      BUFx6f_ASAP7_75t_R  0.184320  
       BUFx8_ASAP7_75t_R  0.368640  
    CKINVDCx10_ASAP7_75t_R  0.737280  
    CKINVDCx11_ASAP7_75t_R  0.737280  
    CKINVDCx12_ASAP7_75t_R  0.737280  
    CKINVDCx14_ASAP7_75t_R  0.737280  
    CKINVDCx16_ASAP7_75t_R  0.737280  
    CKINVDCx20_ASAP7_75t_R  0.737280  
    CKINVDCx5p33_ASAP7_75t_R  0.184320  
    CKINVDCx6p67_ASAP7_75t_R  0.368640  
    CKINVDCx8_ASAP7_75t_R  0.368640  
    CKINVDCx9p33_ASAP7_75t_R  0.368640  
    DFFHQNx1_ASAP7_75t_R  0.046080  
    DFFHQNx2_ASAP7_75t_R  0.092160  
    DFFHQNx3_ASAP7_75t_R  0.092160  
     DFFHQx4_ASAP7_75t_R  0.092160  
    DFFLQNx1_ASAP7_75t_R  0.046080  
    DFFLQNx2_ASAP7_75t_R  0.092160  
    DFFLQNx3_ASAP7_75t_R  0.092160  
     DFFLQx4_ASAP7_75t_R  0.184320  
       DHLx1_ASAP7_75t_R  0.046080  
       DHLx2_ASAP7_75t_R  0.092160  
       DHLx3_ASAP7_75t_R  0.092160  
       DLLx1_ASAP7_75t_R  0.046080  
       DLLx2_ASAP7_75t_R  0.092160  
       DLLx3_ASAP7_75t_R  0.092160  
        FAx1_ASAP7_75t_R  0.046080  
       HAxp5_ASAP7_75t_R  0.023040  
     HB1xp67_ASAP7_75t_R  0.023040  
     HB2xp67_ASAP7_75t_R  0.023040  
     HB3xp67_ASAP7_75t_R  0.023040  
     HB4xp67_ASAP7_75t_R  0.023040  
       ICGx1_ASAP7_75t_R  0.046080  
       ICGx2_ASAP7_75t_R  0.092160  
    ICGx2p67DC_ASAP7_75t_R  0.092160  
       ICGx3_ASAP7_75t_R  0.092160  
     ICGx4DC_ASAP7_75t_R  0.092160  
       ICGx4_ASAP7_75t_R  0.092160  
       ICGx5_ASAP7_75t_R  0.092160  
    ICGx5p33DC_ASAP7_75t_R  0.092160  
    ICGx6p67DC_ASAP7_75t_R  0.092160  
     ICGx8DC_ASAP7_75t_R  0.092160  
      INVx11_ASAP7_75t_R  0.368640  
      INVx13_ASAP7_75t_R  0.737280  
       INVx1_ASAP7_75t_R  0.046080  
       INVx2_ASAP7_75t_R  0.092160  
       INVx3_ASAP7_75t_R  0.092160  
       INVx4_ASAP7_75t_R  0.184320  
       INVx5_ASAP7_75t_R  0.184320  
       INVx6_ASAP7_75t_R  0.368640  
       INVx8_ASAP7_75t_R  0.368640  
     INVxp33_ASAP7_75t_R  0.023040  
     INVxp67_ASAP7_75t_R  0.023040  
     MAJIxp5_ASAP7_75t_R  0.023040  
       MAJx2_ASAP7_75t_R  0.092160  
       MAJx3_ASAP7_75t_R  0.092160  
     NAND2x1_ASAP7_75t_R  0.046080  
    NAND2x1p5_ASAP7_75t_R  0.023040  
     NAND2x2_ASAP7_75t_R  0.092160  
    NAND2xp33_ASAP7_75t_R  0.023040  
    NAND2xp5_ASAP7_75t_R  0.023040  
    NAND2xp67_ASAP7_75t_R  0.046080  
     NAND3x1_ASAP7_75t_R  0.046080  
     NAND3x2_ASAP7_75t_R  0.092160  
    NAND3xp33_ASAP7_75t_R  0.023040  
    NAND4xp25_ASAP7_75t_R  0.023040  
    NAND4xp75_ASAP7_75t_R  0.046080  
    NAND5xp2_ASAP7_75t_R  0.092160  
      NOR2x1_ASAP7_75t_R  0.046080  
    NOR2x1p5_ASAP7_75t_R  0.092160  
      NOR2x2_ASAP7_75t_R  0.092160  
    NOR2xp33_ASAP7_75t_R  0.023040  
    NOR2xp67_ASAP7_75t_R  0.046080  
      NOR3x1_ASAP7_75t_R  0.046080  
      NOR3x2_ASAP7_75t_R  0.092160  
    NOR3xp33_ASAP7_75t_R  0.023040  
    NOR4xp25_ASAP7_75t_R  0.023040  
    NOR4xp75_ASAP7_75t_R  0.046080  
     NOR5xp2_ASAP7_75t_R  0.023040  
    O2A1O1Ixp33_ASAP7_75t_R  0.023040  
    O2A1O1Ixp5_ASAP7_75t_R  0.023040  
     OA211x2_ASAP7_75t_R  0.092160  
      OA21x2_ASAP7_75t_R  0.092160  
     OA221x2_ASAP7_75t_R  0.092160  
     OA222x2_ASAP7_75t_R  0.092160  
      OA22x2_ASAP7_75t_R  0.092160  
      OA31x2_ASAP7_75t_R  0.092160  
     OA331x1_ASAP7_75t_R  0.046080  
     OA331x2_ASAP7_75t_R  0.092160  
     OA332x1_ASAP7_75t_R  0.046080  
     OA332x2_ASAP7_75t_R  0.092160  
     OA333x1_ASAP7_75t_R  0.046080  
     OA333x2_ASAP7_75t_R  0.092160  
      OA33x2_ASAP7_75t_R  0.092160  
    OAI211xp5_ASAP7_75t_R  0.023040  
     OAI21x1_ASAP7_75t_R  0.046080  
    OAI21xp33_ASAP7_75t_R  0.023040  
    OAI21xp5_ASAP7_75t_R  0.023040  
    OAI221xp5_ASAP7_75t_R  0.023040  
    OAI222xp33_ASAP7_75t_R  0.023040  
     OAI22x1_ASAP7_75t_R  0.046080  
    OAI22xp33_ASAP7_75t_R  0.023040  
    OAI22xp5_ASAP7_75t_R  0.023040  
    OAI311xp33_ASAP7_75t_R  0.023040  
    OAI31xp33_ASAP7_75t_R  0.023040  
    OAI31xp67_ASAP7_75t_R  0.023040  
    OAI321xp33_ASAP7_75t_R  0.023040  
    OAI322xp33_ASAP7_75t_R  0.023040  
    OAI32xp33_ASAP7_75t_R  0.023040  
    OAI331xp33_ASAP7_75t_R  0.023040  
    OAI332xp33_ASAP7_75t_R  0.023040  
    OAI333xp33_ASAP7_75t_R  0.023040  
    OAI33xp33_ASAP7_75t_R  0.023040  
       OR2x2_ASAP7_75t_R  0.092160  
       OR2x4_ASAP7_75t_R  0.184320  
       OR2x6_ASAP7_75t_R  0.184320  
       OR3x1_ASAP7_75t_R  0.046080  
       OR3x2_ASAP7_75t_R  0.092160  
       OR3x4_ASAP7_75t_R  0.184320  
       OR4x1_ASAP7_75t_R  0.046080  
       OR4x2_ASAP7_75t_R  0.092160  
       OR5x1_ASAP7_75t_R  0.046080  
       OR5x2_ASAP7_75t_R  0.092160  
      SDFHx1_ASAP7_75t_R  0.046080  
      SDFHx2_ASAP7_75t_R  0.092160  
      SDFHx3_ASAP7_75t_R  0.092160  
      SDFHx4_ASAP7_75t_R  0.184320  
      SDFLx1_ASAP7_75t_R  0.046080  
      SDFLx2_ASAP7_75t_R  0.092160  
      SDFLx3_ASAP7_75t_R  0.092160  
      SDFLx4_ASAP7_75t_R  0.184320  
     XNOR2x1_ASAP7_75t_R  0.046080  
     XNOR2x2_ASAP7_75t_R  0.092160  
    XNOR2xp5_ASAP7_75t_R  0.023040  
      XOR2x1_ASAP7_75t_R  0.046080  
      XOR2x2_ASAP7_75t_R  0.092160  
     XOR2xp5_ASAP7_75t_R  0.023040  200  
# Cells in .lib with max_fanout: 0  
SDC max_cap: N/A  
SDC max_tran: N/A  
SDC max_fanout: 16  
Default Ext. Scale Factor: 1.000  
Detail Ext. Scale Factor: 1.000  

==============================
Floorplan/Placement Information
==============================
Total area of Standard cells: 43356.488 um^2  
Total area of Standard cells(Subtracting Physical Cells): 35545.107 um^2  
Total area of Macros: 0.000 um^2  
Total area of Blockages: 0.000 um^2  
Total area of Pad cells: 0.000 um^2  
Total area of Core: 43356.488 um^2  
Total area of Chip: 47655.890 um^2  
Effective Utilization: 1.0000e+00  
Number of Cell Rows: 192  
% Pure Gate Density #1 (Subtracting BLOCKAGES): 100.000%  
% Pure Gate Density #2 (Subtracting BLOCKAGES and Physical Cells): 81.983%  
% Pure Gate Density #3 (Subtracting MACROS): 100.000%  
% Pure Gate Density #4 (Subtracting MACROS and Physical Cells): 81.983%  
% Pure Gate Density #5 (Subtracting MACROS and BLOCKAGES): 100.000%  
% Pure Gate Density #6 (Subtracting MACROS and BLOCKAGES for insts are not placed): 81.983%  
% Core Density (Counting Std Cells and MACROs): 100.000%  
% Core Density #2(Subtracting Physical Cells): 81.983%  
% Chip Density (Counting Std Cells and MACROs and IOs): 90.978%  
% Chip Density #2(Subtracting Physical Cells): 74.587%  
# Macros within 5 sites of IO pad: No  
Macro halo defined?: No  

==============================
Wire Length Distribution
==============================
Total M1 wire length: 4943.3480 um  
Total M2 wire length: 84865.8240 um  
Total M3 wire length: 105000.4920 um  
Total M4 wire length: 52417.2960 um  
Total M5 wire length: 55104.9720 um  
Total M6 wire length: 30337.6320 um  
Total M7 wire length: 19079.8080 um  
Total M8 wire length: 5828.6880 um  
Total M9 wire length: 4181.9520 um  
Total Pad wire length: 0.0000 um  
Total wire length: 361760.0120 um  
Average wire length/net: 14.6556 um  
Area of Power Net Distribution: 
    ------------------------------
    Area of Power Net Distribution
    ------------------------------
    Layer Name  Area of Power Net  Routable Area  Percentage  
    M1  1462.7010  43356.4877  3.3737%  
    M2  553.0303  43356.4877  1.2755%  
    M3  518.7410  43356.4877  1.1965%  
    M4  0.0000  43356.4877  0.0000%  
    M5  0.0000  43356.4877  0.0000%  
    M6  0.0000  43356.4877  0.0000%  
    M7  0.0000  43356.4877  0.0000%  
    M8  0.0000  43356.4877  0.0000%  
    M9  0.0000  43356.4877  0.0000%  
    Pad  0.0000  43356.4877  0.0000%  For more information click here  
