###############################################################
#  Generated by:      Cadence Innovus 23.12-s091_1
#  OS:                Linux x86_64(Host ID toolsession-0022-56dbdd798c-v95n7)
#  Generated on:      Thu Jun 25 21:46:02 2026
#  Design:            GCN
#  Command:           summaryReport -outfile ./reports/summary.rpt
###############################################################


==============================
General Design Information
==============================
Design Status: Routed  
Design Name: GCN  
# Instances: 60777  
# Hard Macros: 0  
# Std Cells: 60777  
    ------------------------------
    Standard Cells in Netlist
    ------------------------------
               Cell Type   Instance Count  Area (um^2)  
    A2O1A1Ixp33_ASAP7_75t_R               34          47.5891  
      AO21x1_ASAP7_75t_R                3           4.1990  
      AO22x1_ASAP7_75t_R                7          14.6966  
    AOI21xp33_ASAP7_75t_R               31          36.1584  
    AOI31xp33_ASAP7_75t_R                1           1.3997  
    ASYNC_DFFHx1_ASAP7_75t_R             1087        6592.9594  
      BUFx10_ASAP7_75t_R                4          13.0637  
      BUFx12_ASAP7_75t_R                1           3.7325  
     BUFx12f_ASAP7_75t_R                7          29.3933  
       BUFx2_ASAP7_75t_R               42          48.9888  
       BUFx3_ASAP7_75t_R               26          36.3917  
       BUFx4_ASAP7_75t_R                3           4.8989  
      BUFx4f_ASAP7_75t_R                1           1.8662  
      BUFx6f_ASAP7_75t_R                2           4.6656  
       BUFx8_ASAP7_75t_R                1           2.7994  
        FAx1_ASAP7_75t_R             2402        7844.7398  
      FILLER_ASAP7_75t_R            37381       17440.4794  
    FILLERxp5_ASAP7_75t_R             7480        1744.9344  
     HB1xp67_ASAP7_75t_R              368         343.3882  
     HB2xp67_ASAP7_75t_R              101         117.8064  
       INVx1_ASAP7_75t_R              502         351.3197  
       INVx2_ASAP7_75t_R                5           4.6656  
     INVxp33_ASAP7_75t_R              114          79.7818  
     INVxp67_ASAP7_75t_R               64          44.7898  
     NAND2x1_ASAP7_75t_R                4           5.5987  
    NAND2xp33_ASAP7_75t_R             1105        1031.0976  
    NAND2xp5_ASAP7_75t_R              110         102.6432  
    NAND3xp33_ASAP7_75t_R               41          47.8224  
      NOR2x1_ASAP7_75t_R               30          41.9904  
    NOR2xp33_ASAP7_75t_R             2927        2731.2422  
    NOR2xp67_ASAP7_75t_R                1           1.3997  
    NOR3xp33_ASAP7_75t_R              148         172.6272  
    O2A1O1Ixp33_ASAP7_75t_R               50          69.9840  
    O2A1O1Ixp5_ASAP7_75t_R                5           9.3312  
     OAI21x1_ASAP7_75t_R                1           1.8662  
    OAI21xp33_ASAP7_75t_R             1236        1441.6704  
    OAI21xp5_ASAP7_75t_R               42          48.9888  
     OAI22x1_ASAP7_75t_R                4           9.3312  
    OAI22xp33_ASAP7_75t_R                2           2.7994  
    OAI22xp5_ASAP7_75t_R                9          12.5971  
       OR2x2_ASAP7_75t_R                6           8.3981  
     TAPCELL_ASAP7_75t_R             5376        2508.2266  
     TIELOx1_ASAP7_75t_R                2           1.3997  
      XOR2x2_ASAP7_75t_R                2           5.1322  
     XOR2xp5_ASAP7_75t_R                9          18.8957  
# Pads: 0  
# Net: 13914  
# Special Net: 2  
# IO Pins: 
    ------------------------------
    Issued IO Information
    ------------------------------
    # Unplaced IO Pin  0  
    # Floating IO  0  
    # IO Connected to Non-IO Inst  
        ------------------------------
        IO Connected to Non-IO Inst
        ------------------------------
                     IO Name      Non-IO Inst Name  
          max_addi_answer[0]                 U1261  
          max_addi_answer[1]                 U1258  
          max_addi_answer[2]                 U1265  
          max_addi_answer[3]                 U1266  
          max_addi_answer[4]                 U1262  
          max_addi_answer[5]                 U1259  
          max_addi_answer[6]                 U1263  
          max_addi_answer[7]                 U1260  
          max_addi_answer[8]                 U1267  
          max_addi_answer[9]                 U1264  
         max_addi_answer[10]                 U1271  
         max_addi_answer[11]                 U1272  
                        done                 U1447  
                 enable_read  transformation_block_inst/U195  
             read_address[0]  transformation_block_inst/U2633  
             read_address[1]  transformation_block_inst/U2636  
             read_address[2]  transformation_block_inst/FE_RC_3_0  
             read_address[3]  combination_block_inst_fsm_inst_current_state_reg_2_  
             read_address[4]  combination_block_inst_fsm_inst_current_state_reg_2_  
             read_address[5]  combination_block_inst_fsm_inst_current_state_reg_2_  
             read_address[6]  combination_block_inst_fsm_inst_current_state_reg_2_  
             read_address[7]  combination_block_inst_fsm_inst_current_state_reg_2_  
             read_address[8]  combination_block_inst_fsm_inst_current_state_reg_2_  
             read_address[9]  transformation_block_inst/U194  
            read_address[10]  combination_block_inst_fsm_inst_current_state_reg_2_  
            read_address[11]  combination_block_inst_fsm_inst_current_state_reg_2_  
            read_address[12]  combination_block_inst_fsm_inst_current_state_reg_2_  
              coo_address[0]                 U1268  
              coo_address[1]                 U1270  
              coo_address[2]                 U1269  
                   coo_in[0]                 U1229  
                   coo_in[1]                 U1240  
                   coo_in[2]                 U1279  
                   coo_in[3]                 U1236  
                   coo_in[4]                 U1275  
                   coo_in[5]                 U1275  
                  data_in[0]  transformation_block_inst/vector_mult_inst/U42  
                  data_in[1]  transformation_block_inst/vector_mult_inst/U43  
                  data_in[2]  transformation_block_inst/vector_mult_inst/FE_OFC204_data_in_95__2  
                  data_in[3]  transformation_block_inst/vector_mult_inst/FE_OFC643_data_in_95__3  
                  data_in[4]  transformation_block_inst/vector_mult_inst/U14  
                  data_in[5]  transformation_block_inst/vector_mult_inst/FE_OFC111_data_in_94__0  
                  data_in[6]  transformation_block_inst/U1510  
                  data_in[7]  transformation_block_inst/vector_mult_inst/FE_OFC110_data_in_94__2  
                  data_in[8]  transformation_block_inst/vector_mult_inst/U16  
                  data_in[9]  transformation_block_inst/vector_mult_inst/FE_OFC122_data_in_94__4  
                 data_in[10]  transformation_block_inst/vector_mult_inst/U39  
                 data_in[11]  transformation_block_inst/vector_mult_inst/FE_OFC310_data_in_93__1  
                 data_in[12]  transformation_block_inst/vector_mult_inst/FE_OFC365_data_in_93__2  
                 data_in[13]  transformation_block_inst/vector_mult_inst/FE_OFC653_data_in_93__3  
                 data_in[14]  transformation_block_inst/vector_mult_inst/FE_OFC575_data_in_93__4  
                 data_in[15]  transformation_block_inst/vector_mult_inst/FE_OFC115_data_in_92__0  
                 data_in[16]  transformation_block_inst/vector_mult_inst/FE_OFC114_data_in_92__1  
                 data_in[17]  transformation_block_inst/vector_mult_inst/FE_OFC116_data_in_92__2  
                 data_in[18]  transformation_block_inst/vector_mult_inst/FE_OFC117_data_in_92__3  
                 data_in[19]  transformation_block_inst/vector_mult_inst/FE_OFC165_data_in_92__4  
                 data_in[20]  transformation_block_inst/vector_mult_inst/U40  
                 data_in[21]  transformation_block_inst/vector_mult_inst/FE_OFC511_data_in_91__1  
                 data_in[22]  transformation_block_inst/vector_mult_inst/FE_OFC581_data_in_91__2  
                 data_in[23]  transformation_block_inst/vector_mult_inst/FE_OFC309_data_in_91__3  
                 data_in[24]  transformation_block_inst/vector_mult_inst/FE_OFC558_data_in_91__4  
                 data_in[25]  transformation_block_inst/U982  
                 data_in[26]  transformation_block_inst/U977  
                 data_in[27]  transformation_block_inst/U1173  
                 data_in[28]  transformation_block_inst/U1266  
                 data_in[29]  transformation_block_inst/vector_mult_inst/FE_OFC129_data_in_90__4  
                 data_in[30]  transformation_block_inst/vector_mult_inst/FE_OFC332_data_in_89__0  
                 data_in[31]  transformation_block_inst/vector_mult_inst/FE_OFC503_data_in_89__1  
                 data_in[32]  transformation_block_inst/vector_mult_inst/FE_OFC364_data_in_89__2  
                 data_in[33]  transformation_block_inst/vector_mult_inst/FE_OFC456_data_in_89__3  
                 data_in[34]  transformation_block_inst/vector_mult_inst/FE_OFC455_data_in_89__4  
                 data_in[35]  transformation_block_inst/U988  
                 data_in[36]  transformation_block_inst/vector_mult_inst/FE_OFC264_data_in_88__1  
                 data_in[37]  transformation_block_inst/U1164  
                 data_in[38]  transformation_block_inst/U1156  
                 data_in[39]  transformation_block_inst/vector_mult_inst/FE_OFC278_data_in_88__4  
                 data_in[40]  transformation_block_inst/vector_mult_inst/FE_OFC702_data_in_87__0  
                 data_in[41]  transformation_block_inst/vector_mult_inst/FE_OFC693_data_in_87__1  
                 data_in[42]  transformation_block_inst/vector_mult_inst/FE_OFC446_data_in_87__2  
                 data_in[43]  transformation_block_inst/vector_mult_inst/FE_OFC408_data_in_87__3  
                 data_in[44]  transformation_block_inst/vector_mult_inst/FE_OFC679_data_in_87__4  
                 data_in[45]  transformation_block_inst/vector_mult_inst/FE_OFC213_data_in_86__0  
                 data_in[46]  transformation_block_inst/vector_mult_inst/FE_OFC167_data_in_86__1  
                 data_in[47]  transformation_block_inst/vector_mult_inst/FE_OFC640_data_in_86__2  
                 data_in[48]  transformation_block_inst/vector_mult_inst/FE_OFC151_data_in_86__3  
                 data_in[49]  transformation_block_inst/vector_mult_inst/FE_OFC478_data_in_86__4  
                 data_in[50]  transformation_block_inst/vector_mult_inst/FE_OFC727_data_in_85__0  
                 data_in[51]  transformation_block_inst/vector_mult_inst/FE_OFC739_data_in_85__1  
                 data_in[52]  transformation_block_inst/vector_mult_inst/FE_OFC688_data_in_85__2  
                 data_in[53]  transformation_block_inst/vector_mult_inst/FE_OFC372_data_in_85__3  
                 data_in[54]  transformation_block_inst/vector_mult_inst/FE_OFC729_data_in_85__4  
                 data_in[55]  transformation_block_inst/vector_mult_inst/FE_OFC419_data_in_84__0  
                 data_in[56]  transformation_block_inst/vector_mult_inst/FE_OFC416_data_in_84__1  
                 data_in[57]  transformation_block_inst/vector_mult_inst/FE_OFC275_data_in_84__2  
                 data_in[58]  transformation_block_inst/vector_mult_inst/FE_OFC686_data_in_84__3  
                 data_in[59]  transformation_block_inst/vector_mult_inst/FE_OFC681_data_in_84__4  
                 data_in[60]  transformation_block_inst/vector_mult_inst/FE_OFC674_data_in_83__0  
                 data_in[61]  transformation_block_inst/vector_mult_inst/FE_OFC733_data_in_83__1  
                 data_in[62]  transformation_block_inst/vector_mult_inst/FE_OFC684_data_in_83__2  
                 data_in[63]  transformation_block_inst/vector_mult_inst/FE_OFC704_data_in_83__3  
                 data_in[64]  transformation_block_inst/vector_mult_inst/FE_OFC708_data_in_83__4  
                 data_in[65]  transformation_block_inst/U1352  
                 data_in[66]  transformation_block_inst/vector_mult_inst/FE_OFC648_data_in_82__1  
                 data_in[67]  transformation_block_inst/vector_mult_inst/FE_OFC554_data_in_82__2  
                 data_in[68]  transformation_block_inst/vector_mult_inst/FE_OFC553_data_in_82__3  
                 data_in[69]  transformation_block_inst/vector_mult_inst/FE_OFC763_data_in_82__4  
                 data_in[70]  transformation_block_inst/vector_mult_inst/FE_OFC699_data_in_81__0  
                 data_in[71]  transformation_block_inst/vector_mult_inst/FE_OFC767_data_in_81__1  
                 data_in[72]  transformation_block_inst/vector_mult_inst/FE_OFC703_data_in_81__2  
                 data_in[73]  transformation_block_inst/vector_mult_inst/FE_OFC701_data_in_81__3  
                 data_in[74]  transformation_block_inst/vector_mult_inst/FE_OFC711_data_in_81__4  
                 data_in[75]  transformation_block_inst/vector_mult_inst/FE_OFC685_data_in_80__0  
                 data_in[76]  transformation_block_inst/vector_mult_inst/FE_OFC692_data_in_80__1  
                 data_in[77]  transformation_block_inst/vector_mult_inst/FE_OFC690_data_in_80__2  
                 data_in[78]  transformation_block_inst/vector_mult_inst/FE_OFC717_data_in_80__3  
                 data_in[79]  transformation_block_inst/vector_mult_inst/FE_OFC712_data_in_80__4  
                 data_in[80]  transformation_block_inst/vector_mult_inst/FE_OFC330_data_in_79__0  
                 data_in[81]  transformation_block_inst/vector_mult_inst/FE_OFC431_data_in_79__1  
                 data_in[82]  transformation_block_inst/vector_mult_inst/FE_OFC502_data_in_79__2  
                 data_in[83]  transformation_block_inst/vector_mult_inst/FE_OFC453_data_in_79__3  
                 data_in[84]  transformation_block_inst/vector_mult_inst/FE_OFC706_data_in_79__4  
                 data_in[85]  transformation_block_inst/U1800  
                 data_in[86]  transformation_block_inst/U1766  
                 data_in[87]  transformation_block_inst/U1770  
                 data_in[88]  transformation_block_inst/U1780  
                 data_in[89]  transformation_block_inst/U1784  
                 data_in[90]  transformation_block_inst/vector_mult_inst/FE_OFC331_data_in_77__0  
                 data_in[91]  transformation_block_inst/vector_mult_inst/FE_OFC662_data_in_77__1  
                 data_in[92]  transformation_block_inst/vector_mult_inst/FE_OFC689_data_in_77__2  
                 data_in[93]  transformation_block_inst/vector_mult_inst/FE_OFC722_data_in_77__3  
                 data_in[94]  transformation_block_inst/vector_mult_inst/FE_OFC577_data_in_77__4  
                 data_in[95]  transformation_block_inst/U1772  
                 data_in[96]  transformation_block_inst/vector_mult_inst/FE_OFC735_data_in_76__1  
                 data_in[97]  transformation_block_inst/U1776  
                 data_in[98]  transformation_block_inst/vector_mult_inst/FE_OFC728_data_in_76__3  
                 data_in[99]  transformation_block_inst/vector_mult_inst/FE_OFC740_data_in_76__4  
                data_in[100]  transformation_block_inst/vector_mult_inst/FE_OFC314_data_in_75__0  
                data_in[101]  transformation_block_inst/vector_mult_inst/FE_OFC276_data_in_75__1  
                data_in[102]  transformation_block_inst/vector_mult_inst/FE_OFC675_data_in_75__2  
                data_in[103]  transformation_block_inst/vector_mult_inst/FE_OFC443_data_in_75__3  
                data_in[104]  transformation_block_inst/vector_mult_inst/FE_OFC270_data_in_75__4  
                data_in[105]  transformation_block_inst/U945  
                data_in[106]  transformation_block_inst/U923  
                data_in[107]  transformation_block_inst/U919  
                data_in[108]  transformation_block_inst/U943  
                data_in[109]  transformation_block_inst/U939  
                data_in[110]  transformation_block_inst/vector_mult_inst/FE_OFC655_data_in_73__0  
                data_in[111]  transformation_block_inst/U927  
                data_in[112]  transformation_block_inst/U925  
                data_in[113]  transformation_block_inst/vector_mult_inst/FE_OFC316_data_in_73__3  
                data_in[114]  transformation_block_inst/U929  
                data_in[115]  transformation_block_inst/U941  
                data_in[116]  transformation_block_inst/U914  
                data_in[117]  transformation_block_inst/U910  
                data_in[118]  transformation_block_inst/U937  
                data_in[119]  transformation_block_inst/U916  
                data_in[120]  transformation_block_inst/U1241  
                data_in[121]  transformation_block_inst/U1233  
                data_in[122]  transformation_block_inst/U1253  
                data_in[123]  transformation_block_inst/U1245  
                data_in[124]  transformation_block_inst/vector_mult_inst/FE_OFC349_data_in_71__4  
                data_in[125]  transformation_block_inst/U1231  
                data_in[126]  transformation_block_inst/U1259  
                data_in[127]  transformation_block_inst/U1255  
                data_in[128]  transformation_block_inst/U1237  
                data_in[129]  transformation_block_inst/vector_mult_inst/FE_OFC732_data_in_70__4  
                data_in[130]  transformation_block_inst/vector_mult_inst/FE_OFC231_data_in_69__0  
                data_in[131]  transformation_block_inst/vector_mult_inst/FE_OFC164_data_in_69__1  
                data_in[132]  transformation_block_inst/vector_mult_inst/FE_OFC134_data_in_69__2  
                data_in[133]  transformation_block_inst/vector_mult_inst/FE_OFC146_data_in_69__3  
                data_in[134]  transformation_block_inst/vector_mult_inst/FE_OFC150_data_in_69__4  
                data_in[135]  transformation_block_inst/U1520  
                data_in[136]  transformation_block_inst/U1492  
                data_in[137]  transformation_block_inst/U1500  
                data_in[138]  transformation_block_inst/U1474  
                data_in[139]  transformation_block_inst/vector_mult_inst/FE_OFC713_data_in_68__4  
                data_in[140]  transformation_block_inst/vector_mult_inst/FE_OFC320_data_in_67__0  
                data_in[141]  transformation_block_inst/vector_mult_inst/FE_OFC667_data_in_67__1  
                data_in[142]  transformation_block_inst/U1508  
                data_in[143]  transformation_block_inst/vector_mult_inst/FE_OFC663_data_in_67__3  
                data_in[144]  transformation_block_inst/vector_mult_inst/FE_OFC224_data_in_67__4  
                data_in[145]  transformation_block_inst/vector_mult_inst/FE_OFC698_data_in_66__0  
                data_in[146]  transformation_block_inst/U1386  
                data_in[147]  transformation_block_inst/U1376  
                data_in[148]  transformation_block_inst/vector_mult_inst/FE_OFC760_data_in_66__3  
                data_in[149]  transformation_block_inst/vector_mult_inst/FE_OFC529_data_in_66__4  
                data_in[150]  transformation_block_inst/vector_mult_inst/FE_OFC660_data_in_65__0  
                data_in[151]  transformation_block_inst/vector_mult_inst/FE_OFC666_data_in_65__1  
                data_in[152]  transformation_block_inst/U1358  
                data_in[153]  transformation_block_inst/vector_mult_inst/FE_OFC259_data_in_65__3  
                data_in[154]  transformation_block_inst/vector_mult_inst/FE_OFC297_data_in_65__4  
                data_in[155]  transformation_block_inst/vector_mult_inst/FE_OFC658_data_in_64__0  
                data_in[156]  transformation_block_inst/vector_mult_inst/FE_OFC736_data_in_64__1  
                data_in[157]  transformation_block_inst/vector_mult_inst/FE_OFC424_data_in_64__2  
                data_in[158]  transformation_block_inst/vector_mult_inst/FE_OFC506_data_in_64__3  
                data_in[159]  transformation_block_inst/vector_mult_inst/FE_OFC512_data_in_64__4  
                data_in[160]  transformation_block_inst/vector_mult_inst/FE_OFC510_data_in_63__0  
                data_in[161]  transformation_block_inst/vector_mult_inst/FE_OFC345_data_in_63__1  
                data_in[162]  transformation_block_inst/vector_mult_inst/FE_OFC214_data_in_63__2  
                data_in[163]  transformation_block_inst/vector_mult_inst/FE_OFC369_data_in_63__3  
                data_in[164]  transformation_block_inst/vector_mult_inst/FE_OFC367_data_in_63__4  
                data_in[165]  transformation_block_inst/vector_mult_inst/FE_OFC683_data_in_62__0  
                data_in[166]  transformation_block_inst/vector_mult_inst/FE_OFC687_data_in_62__1  
                data_in[167]  transformation_block_inst/vector_mult_inst/FE_OFC246_data_in_62__2  
                data_in[168]  transformation_block_inst/vector_mult_inst/FE_OFC253_data_in_62__3  
                data_in[169]  transformation_block_inst/vector_mult_inst/FE_OFC738_data_in_62__4  
                data_in[170]  transformation_block_inst/vector_mult_inst/FE_OFC347_data_in_61__0  
                data_in[171]  transformation_block_inst/U1694  
                data_in[172]  transformation_block_inst/vector_mult_inst/FE_OFC248_data_in_61__2  
                data_in[173]  transformation_block_inst/vector_mult_inst/FE_OFC306_data_in_61__3  
                data_in[174]  transformation_block_inst/vector_mult_inst/FE_OFC260_data_in_61__4  
                data_in[175]  transformation_block_inst/vector_mult_inst/FE_OFC173_data_in_60__0  
                data_in[176]  transformation_block_inst/vector_mult_inst/FE_OFC142_data_in_60__1  
                data_in[177]  transformation_block_inst/vector_mult_inst/FE_OFC198_data_in_60__2  
                data_in[178]  transformation_block_inst/vector_mult_inst/FE_OFC272_data_in_60__3  
                data_in[179]  transformation_block_inst/vector_mult_inst/FE_OFC254_data_in_60__4  
                data_in[180]  transformation_block_inst/U1678  
                data_in[181]  transformation_block_inst/vector_mult_inst/FE_OFC192_data_in_59__1  
                data_in[182]  transformation_block_inst/vector_mult_inst/FE_OFC293_data_in_59__2  
                data_in[183]  transformation_block_inst/vector_mult_inst/FE_OFC221_data_in_59__3  
                data_in[184]  transformation_block_inst/vector_mult_inst/FE_OFC413_data_in_59__4  
                data_in[185]  transformation_block_inst/vector_mult_inst/FE_OFC239_data_in_58__0  
                data_in[186]  transformation_block_inst/vector_mult_inst/FE_OFC326_data_in_58__1  
                data_in[187]  transformation_block_inst/vector_mult_inst/FE_OFC361_data_in_58__2  
                data_in[188]  transformation_block_inst/vector_mult_inst/FE_OFC526_data_in_58__3  
                data_in[189]  transformation_block_inst/vector_mult_inst/FE_OFC673_data_in_58__4  
                data_in[190]  transformation_block_inst/vector_mult_inst/FE_OFC638_data_in_57__0  
                data_in[191]  transformation_block_inst/vector_mult_inst/FE_OFC258_data_in_57__1  
                data_in[192]  transformation_block_inst/vector_mult_inst/FE_OFC304_data_in_57__2  
                data_in[193]  transformation_block_inst/vector_mult_inst/FE_OFC390_data_in_57__3  
                data_in[194]  transformation_block_inst/vector_mult_inst/FE_OFC379_data_in_57__4  
                data_in[195]  transformation_block_inst/U1031  
                data_in[196]  transformation_block_inst/U1027  
                data_in[197]  transformation_block_inst/vector_mult_inst/FE_OFC459_data_in_56__2  
                data_in[198]  transformation_block_inst/vector_mult_inst/FE_OFC659_data_in_56__3  
                data_in[199]  transformation_block_inst/U1009  
                data_in[200]  transformation_block_inst/vector_mult_inst/FE_OFC682_data_in_55__0  
                data_in[201]  transformation_block_inst/vector_mult_inst/FE_OFC363_data_in_55__1  
                data_in[202]  transformation_block_inst/vector_mult_inst/FE_OFC433_data_in_55__2  
                data_in[203]  transformation_block_inst/U1011  
                data_in[204]  transformation_block_inst/vector_mult_inst/FE_OFC402_data_in_55__4  
                data_in[205]  transformation_block_inst/vector_mult_inst/FE_OFC680_data_in_54__0  
                data_in[206]  transformation_block_inst/vector_mult_inst/FE_OFC454_data_in_54__1  
                data_in[207]  transformation_block_inst/vector_mult_inst/FE_OFC461_data_in_54__2  
                data_in[208]  transformation_block_inst/U1007  
                data_in[209]  transformation_block_inst/vector_mult_inst/FE_OFC274_data_in_54__4  
                data_in[210]  transformation_block_inst/vector_mult_inst/FE_OFC406_data_in_53__0  
                data_in[211]  transformation_block_inst/vector_mult_inst/FE_OFC339_data_in_53__1  
                data_in[212]  transformation_block_inst/vector_mult_inst/FE_OFC375_data_in_53__2  
                data_in[213]  transformation_block_inst/vector_mult_inst/FE_OFC389_data_in_53__3  
                data_in[214]  transformation_block_inst/vector_mult_inst/FE_OFC501_data_in_53__4  
                data_in[215]  transformation_block_inst/vector_mult_inst/FE_OFC172_data_in_52__0  
                data_in[216]  transformation_block_inst/vector_mult_inst/FE_OFC370_data_in_52__1  
                data_in[217]  transformation_block_inst/vector_mult_inst/FE_OFC338_data_in_52__2  
                data_in[218]  transformation_block_inst/vector_mult_inst/FE_OFC153_data_in_52__3  
                data_in[219]  transformation_block_inst/U1152  
                data_in[220]  transformation_block_inst/vector_mult_inst/FE_OFC334_data_in_51__0  
                data_in[221]  transformation_block_inst/vector_mult_inst/FE_OFC542_data_in_51__1  
                data_in[222]  transformation_block_inst/vector_mult_inst/FE_OFC247_data_in_51__2  
                data_in[223]  transformation_block_inst/vector_mult_inst/FE_OFC473_data_in_51__3  
                data_in[224]  transformation_block_inst/vector_mult_inst/FE_OFC378_data_in_51__4  
                data_in[225]  transformation_block_inst/vector_mult_inst/FE_OFC181_data_in_50__0  
                data_in[226]  transformation_block_inst/vector_mult_inst/FE_OFC635_data_in_50__1  
                data_in[227]  transformation_block_inst/U1092  
                data_in[228]  transformation_block_inst/vector_mult_inst/FE_OFC294_data_in_50__3  
                data_in[229]  transformation_block_inst/vector_mult_inst/FE_OFC187_data_in_50__4  
                data_in[230]  transformation_block_inst/vector_mult_inst/FE_OFC277_data_in_49__0  
                data_in[231]  transformation_block_inst/vector_mult_inst/FE_OFC288_data_in_49__1  
                data_in[232]  transformation_block_inst/vector_mult_inst/FE_OFC531_data_in_49__2  
                data_in[233]  transformation_block_inst/vector_mult_inst/FE_OFC444_data_in_49__3  
                data_in[234]  transformation_block_inst/vector_mult_inst/FE_OFC448_data_in_49__4  
                data_in[235]  transformation_block_inst/vector_mult_inst/FE_OFC290_data_in_48__0  
                data_in[236]  transformation_block_inst/vector_mult_inst/FE_OFC183_data_in_48__1  
                data_in[237]  transformation_block_inst/vector_mult_inst/FE_OFC133_data_in_48__2  
                data_in[238]  transformation_block_inst/vector_mult_inst/FE_OFC633_data_in_48__3  
                data_in[239]  transformation_block_inst/vector_mult_inst/FE_OFC147_data_in_48__4  
                data_in[240]  transformation_block_inst/vector_mult_inst/FE_OFC289_data_in_47__0  
                data_in[241]  transformation_block_inst/vector_mult_inst/FE_OFC321_data_in_47__1  
                data_in[242]  transformation_block_inst/vector_mult_inst/FE_OFC262_data_in_47__2  
                data_in[243]  transformation_block_inst/vector_mult_inst/U11  
                data_in[244]  transformation_block_inst/vector_mult_inst/FE_OFC302_data_in_47__4  
                data_in[245]  transformation_block_inst/vector_mult_inst/U9  
                data_in[246]  transformation_block_inst/U1432  
                data_in[247]  transformation_block_inst/vector_mult_inst/FE_OFC734_data_in_46__2  
                data_in[248]  transformation_block_inst/vector_mult_inst/FE_OFC731_data_in_46__3  
                data_in[249]  transformation_block_inst/U1393  
                data_in[250]  transformation_block_inst/vector_mult_inst/FE_OFC407_data_in_45__0  
                data_in[251]  transformation_block_inst/U1389  
                data_in[252]  transformation_block_inst/vector_mult_inst/FE_OFC532_data_in_45__2  
                data_in[253]  transformation_block_inst/vector_mult_inst/FE_OFC263_data_in_45__3  
                data_in[254]  transformation_block_inst/vector_mult_inst/FE_OFC257_data_in_45__4  
                data_in[255]  transformation_block_inst/U1430  
                data_in[256]  transformation_block_inst/U1418  
                data_in[257]  transformation_block_inst/vector_mult_inst/FE_OFC550_data_in_44__2  
                data_in[258]  transformation_block_inst/U1400  
                data_in[259]  transformation_block_inst/vector_mult_inst/FE_OFC572_data_in_44__4  
                data_in[260]  transformation_block_inst/vector_mult_inst/FE_OFC238_data_in_43__0  
                data_in[261]  transformation_block_inst/vector_mult_inst/FE_OFC281_data_in_43__1  
                data_in[262]  transformation_block_inst/vector_mult_inst/FE_OFC415_data_in_43__2  
                data_in[263]  transformation_block_inst/vector_mult_inst/FE_OFC405_data_in_43__3  
                data_in[264]  transformation_block_inst/vector_mult_inst/FE_OFC337_data_in_43__4  
                data_in[265]  transformation_block_inst/vector_mult_inst/FE_OFC649_data_in_42__0  
                data_in[266]  transformation_block_inst/vector_mult_inst/FE_OFC671_data_in_42__1  
                data_in[267]  transformation_block_inst/vector_mult_inst/FE_OFC564_data_in_42__2  
                data_in[268]  transformation_block_inst/vector_mult_inst/FE_OFC589_data_in_42__3  
                data_in[269]  transformation_block_inst/vector_mult_inst/FE_OFC522_data_in_42__4  
                data_in[270]  transformation_block_inst/vector_mult_inst/FE_OFC162_data_in_41__0  
                data_in[271]  transformation_block_inst/vector_mult_inst/FE_OFC135_data_in_41__1  
                data_in[272]  transformation_block_inst/vector_mult_inst/FE_OFC196_data_in_41__2  
                data_in[273]  transformation_block_inst/vector_mult_inst/FE_OFC235_data_in_41__3  
                data_in[274]  transformation_block_inst/U1646  
                data_in[275]  transformation_block_inst/vector_mult_inst/FE_OFC644_data_in_40__0  
                data_in[276]  transformation_block_inst/vector_mult_inst/FE_OFC705_data_in_40__1  
                data_in[277]  transformation_block_inst/vector_mult_inst/FE_OFC356_data_in_40__2  
                data_in[278]  transformation_block_inst/vector_mult_inst/FE_OFC498_data_in_40__3  
                data_in[279]  transformation_block_inst/vector_mult_inst/FE_OFC555_data_in_40__4  
                data_in[280]  transformation_block_inst/vector_mult_inst/FE_OFC193_data_in_39__0  
                data_in[281]  transformation_block_inst/vector_mult_inst/FE_OFC207_data_in_39__1  
                data_in[282]  transformation_block_inst/vector_mult_inst/FE_OFC203_data_in_39__2  
                data_in[283]  transformation_block_inst/vector_mult_inst/FE_OFC387_data_in_39__3  
                data_in[284]  transformation_block_inst/vector_mult_inst/FE_OFC292_data_in_39__4  
                data_in[285]  transformation_block_inst/vector_mult_inst/FE_OFC580_data_in_38__0  
                data_in[286]  transformation_block_inst/vector_mult_inst/FE_OFC676_data_in_38__1  
                data_in[287]  transformation_block_inst/vector_mult_inst/FE_OFC391_data_in_38__2  
                data_in[288]  transformation_block_inst/vector_mult_inst/FE_OFC476_data_in_38__3  
                data_in[289]  transformation_block_inst/vector_mult_inst/FE_OFC475_data_in_38__4  
                data_in[290]  transformation_block_inst/vector_mult_inst/FE_OFC169_data_in_37__0  
                data_in[291]  transformation_block_inst/vector_mult_inst/FE_OFC269_data_in_37__1  
                data_in[292]  transformation_block_inst/vector_mult_inst/FE_OFC236_data_in_37__2  
                data_in[293]  transformation_block_inst/vector_mult_inst/FE_OFC261_data_in_37__3  
                data_in[294]  transformation_block_inst/vector_mult_inst/FE_OFC410_data_in_37__4  
                data_in[295]  transformation_block_inst/vector_mult_inst/FE_OFC651_data_in_36__0  
                data_in[296]  transformation_block_inst/vector_mult_inst/FE_OFC266_data_in_36__1  
                data_in[297]  transformation_block_inst/vector_mult_inst/FE_OFC514_data_in_36__2  
                data_in[298]  transformation_block_inst/U1045  
                data_in[299]  transformation_block_inst/U1062  
                data_in[300]  transformation_block_inst/vector_mult_inst/FE_OFC395_data_in_35__0  
                data_in[301]  transformation_block_inst/vector_mult_inst/FE_OFC428_data_in_35__1  
                data_in[302]  transformation_block_inst/vector_mult_inst/FE_OFC426_data_in_35__2  
                data_in[303]  transformation_block_inst/U1100  
                data_in[304]  transformation_block_inst/vector_mult_inst/FE_OFC392_data_in_35__4  
                data_in[305]  transformation_block_inst/vector_mult_inst/FE_OFC585_data_in_34__0  
                data_in[306]  transformation_block_inst/vector_mult_inst/FE_OFC588_data_in_34__1  
                data_in[307]  transformation_block_inst/vector_mult_inst/FE_OFC524_data_in_34__2  
                data_in[308]  transformation_block_inst/vector_mult_inst/FE_OFC513_data_in_34__3  
                data_in[309]  transformation_block_inst/vector_mult_inst/FE_OFC569_data_in_34__4  
                data_in[310]  transformation_block_inst/U1034  
                data_in[311]  transformation_block_inst/vector_mult_inst/FE_OFC661_data_in_33__1  
                data_in[312]  transformation_block_inst/vector_mult_inst/FE_OFC319_data_in_33__2  
                data_in[313]  transformation_block_inst/vector_mult_inst/FE_OFC325_data_in_33__3  
                data_in[314]  transformation_block_inst/vector_mult_inst/FE_OFC344_data_in_33__4  
                data_in[315]  transformation_block_inst/vector_mult_inst/FE_OFC707_data_in_32__0  
                data_in[316]  transformation_block_inst/vector_mult_inst/FE_OFC700_data_in_32__1  
                data_in[317]  transformation_block_inst/vector_mult_inst/FE_OFC518_data_in_32__2  
                data_in[318]  transformation_block_inst/vector_mult_inst/FE_OFC566_data_in_32__3  
                data_in[319]  transformation_block_inst/vector_mult_inst/FE_OFC563_data_in_32__4  
                data_in[320]  transformation_block_inst/vector_mult_inst/FE_OFC159_data_in_31__0  
                data_in[321]  transformation_block_inst/vector_mult_inst/FE_OFC394_data_in_31__1  
                data_in[322]  transformation_block_inst/vector_mult_inst/FE_OFC201_data_in_31__2  
                data_in[323]  transformation_block_inst/vector_mult_inst/FE_OFC219_data_in_31__3  
                data_in[324]  transformation_block_inst/vector_mult_inst/FE_OFC329_data_in_31__4  
                data_in[325]  transformation_block_inst/U1120  
                data_in[326]  transformation_block_inst/U1625  
                data_in[327]  transformation_block_inst/U1623  
                data_in[328]  transformation_block_inst/U1619  
                data_in[329]  transformation_block_inst/U1633  
                data_in[330]  transformation_block_inst/vector_mult_inst/FE_OFC639_data_in_29__0  
                data_in[331]  transformation_block_inst/vector_mult_inst/FE_OFC382_data_in_29__1  
                data_in[332]  transformation_block_inst/vector_mult_inst/FE_OFC267_data_in_29__2  
                data_in[333]  transformation_block_inst/U1627  
                data_in[334]  transformation_block_inst/vector_mult_inst/FE_OFC295_data_in_29__4  
                data_in[335]  transformation_block_inst/vector_mult_inst/FE_OFC123_data_in_28__0  
                data_in[336]  transformation_block_inst/vector_mult_inst/FE_OFC168_data_in_28__1  
                data_in[337]  transformation_block_inst/U1614  
                data_in[338]  transformation_block_inst/vector_mult_inst/FE_OFC124_data_in_28__3  
                data_in[339]  transformation_block_inst/vector_mult_inst/FE_OFC179_data_in_28__4  
                data_in[340]  transformation_block_inst/vector_mult_inst/FE_OFC574_data_in_27__0  
                data_in[341]  transformation_block_inst/vector_mult_inst/FE_OFC243_data_in_27__1  
                data_in[342]  transformation_block_inst/vector_mult_inst/FE_OFC352_data_in_27__2  
                data_in[343]  transformation_block_inst/vector_mult_inst/FE_OFC404_data_in_27__3  
                data_in[344]  transformation_block_inst/vector_mult_inst/FE_OFC225_data_in_27__4  
                data_in[345]  transformation_block_inst/U1568  
                data_in[346]  transformation_block_inst/vector_mult_inst/FE_OFC140_data_in_26__1  
                data_in[347]  transformation_block_inst/vector_mult_inst/FE_OFC249_data_in_26__2  
                data_in[348]  transformation_block_inst/vector_mult_inst/FE_OFC211_data_in_26__3  
                data_in[349]  transformation_block_inst/U1310  
                data_in[350]  transformation_block_inst/vector_mult_inst/FE_OFC642_data_in_25__0  
                data_in[351]  transformation_block_inst/vector_mult_inst/FE_OFC268_data_in_25__1  
                data_in[352]  transformation_block_inst/vector_mult_inst/FE_OFC287_data_in_25__2  
                data_in[353]  transformation_block_inst/U1320  
                data_in[354]  transformation_block_inst/U1180  
                data_in[355]  transformation_block_inst/vector_mult_inst/FE_OFC229_data_in_24__0  
                data_in[356]  transformation_block_inst/vector_mult_inst/FE_OFC139_data_in_24__1  
                data_in[357]  transformation_block_inst/vector_mult_inst/FE_OFC138_data_in_24__2  
                data_in[358]  transformation_block_inst/U1186  
                data_in[359]  transformation_block_inst/vector_mult_inst/FE_OFC178_data_in_24__4  
                data_in[360]  transformation_block_inst/U1535  
                data_in[361]  transformation_block_inst/U1544  
                data_in[362]  transformation_block_inst/U1527  
                data_in[363]  transformation_block_inst/U1533  
                data_in[364]  transformation_block_inst/U1550  
                data_in[365]  transformation_block_inst/vector_mult_inst/FE_OFC340_data_in_22__0  
                data_in[366]  transformation_block_inst/U1540  
                data_in[367]  transformation_block_inst/vector_mult_inst/FE_OFC242_data_in_22__2  
                data_in[368]  transformation_block_inst/U1546  
                data_in[369]  transformation_block_inst/vector_mult_inst/FE_OFC163_data_in_22__4  
                data_in[370]  transformation_block_inst/U1542  
                data_in[371]  transformation_block_inst/U1529  
                data_in[372]  transformation_block_inst/vector_mult_inst/FE_OFC279_data_in_21__2  
                data_in[373]  transformation_block_inst/vector_mult_inst/FE_OFC312_data_in_21__3  
                data_in[374]  transformation_block_inst/U1453  
                data_in[375]  transformation_block_inst/U1455  
                data_in[376]  transformation_block_inst/vector_mult_inst/FE_OFC184_data_in_20__1  
                data_in[377]  transformation_block_inst/vector_mult_inst/FE_OFC244_data_in_20__2  
                data_in[378]  transformation_block_inst/U1441  
                data_in[379]  transformation_block_inst/U1449  
                data_in[380]  transformation_block_inst/U1443  
                data_in[381]  transformation_block_inst/vector_mult_inst/FE_OFC672_data_in_19__1  
                data_in[382]  transformation_block_inst/vector_mult_inst/FE_OFC271_data_in_19__2  
                data_in[383]  transformation_block_inst/vector_mult_inst/FE_OFC442_data_in_19__3  
                data_in[384]  transformation_block_inst/vector_mult_inst/FE_OFC322_data_in_19__4  
                data_in[385]  transformation_block_inst/vector_mult_inst/FE_OFC199_data_in_18__0  
                data_in[386]  transformation_block_inst/U1609  
                data_in[387]  transformation_block_inst/vector_mult_inst/FE_OFC189_data_in_18__2  
                data_in[388]  transformation_block_inst/U1593  
                data_in[389]  transformation_block_inst/vector_mult_inst/FE_OFC158_data_in_18__4  
                data_in[390]  transformation_block_inst/vector_mult_inst/FE_OFC664_data_in_17__0  
                data_in[391]  transformation_block_inst/vector_mult_inst/FE_OFC556_data_in_17__1  
                data_in[392]  transformation_block_inst/vector_mult_inst/FE_OFC497_data_in_17__2  
                data_in[393]  transformation_block_inst/vector_mult_inst/FE_OFC463_data_in_17__3  
                data_in[394]  transformation_block_inst/vector_mult_inst/FE_OFC523_data_in_17__4  
                data_in[395]  transformation_block_inst/U1595  
                data_in[396]  transformation_block_inst/U1728  
                data_in[397]  transformation_block_inst/U1762  
                data_in[398]  transformation_block_inst/U1738  
                data_in[399]  transformation_block_inst/U1734  
                data_in[400]  transformation_block_inst/vector_mult_inst/FE_OFC668_data_in_15__0  
                data_in[401]  transformation_block_inst/vector_mult_inst/FE_OFC485_data_in_15__1  
                data_in[402]  transformation_block_inst/vector_mult_inst/FE_OFC496_data_in_15__2  
                data_in[403]  transformation_block_inst/vector_mult_inst/FE_OFC451_data_in_15__3  
                data_in[404]  transformation_block_inst/vector_mult_inst/FE_OFC317_data_in_15__4  
                data_in[405]  transformation_block_inst/U1788  
                data_in[406]  transformation_block_inst/U1756  
                data_in[407]  transformation_block_inst/vector_mult_inst/FE_OFC191_data_in_14__2  
                data_in[408]  transformation_block_inst/vector_mult_inst/FE_OFC388_data_in_14__3  
                data_in[409]  transformation_block_inst/vector_mult_inst/FE_OFC350_data_in_14__4  
                data_in[410]  transformation_block_inst/U803  
                data_in[411]  transformation_block_inst/vector_mult_inst/FE_OFC757_data_in_13__1  
                data_in[412]  transformation_block_inst/vector_mult_inst/FE_OFC525_data_in_13__2  
                data_in[413]  transformation_block_inst/vector_mult_inst/FE_OFC484_data_in_13__3  
                data_in[414]  transformation_block_inst/vector_mult_inst/FE_OFC462_data_in_13__4  
                data_in[415]  transformation_block_inst/vector_mult_inst/FE_OFC241_data_in_12__0  
                data_in[416]  transformation_block_inst/vector_mult_inst/FE_OFC215_data_in_12__1  
                data_in[417]  transformation_block_inst/U811  
                data_in[418]  transformation_block_inst/vector_mult_inst/FE_OFC360_data_in_12__3  
                data_in[419]  transformation_block_inst/vector_mult_inst/FE_OFC152_data_in_12__4  
                data_in[420]  transformation_block_inst/vector_mult_inst/FE_OFC396_data_in_11__0  
                data_in[421]  transformation_block_inst/vector_mult_inst/FE_OFC412_data_in_11__1  
                data_in[422]  transformation_block_inst/vector_mult_inst/FE_OFC409_data_in_11__2  
                data_in[423]  transformation_block_inst/vector_mult_inst/FE_OFC483_data_in_11__3  
                data_in[424]  transformation_block_inst/vector_mult_inst/FE_OFC495_data_in_11__4  
                data_in[425]  transformation_block_inst/vector_mult_inst/FE_OFC230_data_in_10__0  
                data_in[426]  transformation_block_inst/vector_mult_inst/FE_OFC373_data_in_10__1  
                data_in[427]  transformation_block_inst/vector_mult_inst/FE_OFC286_data_in_10__2  
                data_in[428]  transformation_block_inst/vector_mult_inst/FE_OFC222_data_in_10__3  
                data_in[429]  transformation_block_inst/vector_mult_inst/FE_OFC136_data_in_10__4  
                data_in[430]  transformation_block_inst/vector_mult_inst/FE_OFC691_data_in_9__0  
                data_in[431]  transformation_block_inst/vector_mult_inst/FE_OFC466_data_in_9__1  
                data_in[432]  transformation_block_inst/vector_mult_inst/FE_OFC362_data_in_9__2  
                data_in[433]  transformation_block_inst/vector_mult_inst/FE_OFC530_data_in_9__3  
                data_in[434]  transformation_block_inst/vector_mult_inst/FE_OFC450_data_in_9__4  
                data_in[435]  transformation_block_inst/vector_mult_inst/FE_OFC209_data_in_8__0  
                data_in[436]  transformation_block_inst/vector_mult_inst/FE_OFC716_data_in_8__1  
                data_in[437]  transformation_block_inst/vector_mult_inst/FE_OFC186_data_in_8__2  
                data_in[438]  transformation_block_inst/vector_mult_inst/FE_OFC144_data_in_8__3  
                data_in[439]  transformation_block_inst/vector_mult_inst/FE_OFC157_data_in_8__4  
                data_in[440]  transformation_block_inst/vector_mult_inst/FE_OFC697_data_in_7__0  
                data_in[441]  transformation_block_inst/vector_mult_inst/FE_OFC508_data_in_7__1  
                data_in[442]  transformation_block_inst/vector_mult_inst/FE_OFC548_data_in_7__2  
                data_in[443]  transformation_block_inst/vector_mult_inst/FE_OFC541_data_in_7__3  
                data_in[444]  transformation_block_inst/vector_mult_inst/FE_OFC539_data_in_7__4  
                data_in[445]  transformation_block_inst/vector_mult_inst/FE_OFC250_data_in_6__0  
                data_in[446]  transformation_block_inst/vector_mult_inst/FE_OFC695_data_in_6__1  
                data_in[447]  transformation_block_inst/vector_mult_inst/FE_OFC194_data_in_6__2  
                data_in[448]  transformation_block_inst/vector_mult_inst/FE_OFC205_data_in_6__3  
                data_in[449]  transformation_block_inst/vector_mult_inst/FE_OFC311_data_in_6__4  
                data_in[450]  transformation_block_inst/vector_mult_inst/FE_OFC232_data_in_5__0  
                data_in[451]  transformation_block_inst/vector_mult_inst/FE_OFC200_data_in_5__1  
                data_in[452]  transformation_block_inst/vector_mult_inst/FE_OFC487_data_in_5__2  
                data_in[453]  transformation_block_inst/vector_mult_inst/FE_OFC351_data_in_5__3  
                data_in[454]  transformation_block_inst/vector_mult_inst/FE_OFC752_data_in_5__4  
                data_in[455]  transformation_block_inst/vector_mult_inst/FE_OFC141_data_in_4__0  
                data_in[456]  transformation_block_inst/vector_mult_inst/FE_OFC128_data_in_4__1  
                data_in[457]  transformation_block_inst/vector_mult_inst/FE_OFC174_data_in_4__2  
                data_in[458]  transformation_block_inst/vector_mult_inst/FE_OFC160_data_in_4__3  
                data_in[459]  transformation_block_inst/vector_mult_inst/FE_OFC130_data_in_4__4  
                data_in[460]  transformation_block_inst/vector_mult_inst/FE_OFC333_data_in_3__0  
                data_in[461]  transformation_block_inst/vector_mult_inst/FE_OFC646_data_in_3__1  
                data_in[462]  transformation_block_inst/vector_mult_inst/FE_OFC359_data_in_3__2  
                data_in[463]  transformation_block_inst/vector_mult_inst/FE_OFC521_data_in_3__3  
                data_in[464]  transformation_block_inst/vector_mult_inst/FE_OFC560_data_in_3__4  
                data_in[465]  transformation_block_inst/vector_mult_inst/FE_OFC154_data_in_2__0  
                data_in[466]  transformation_block_inst/vector_mult_inst/FE_OFC227_data_in_2__1  
                data_in[467]  transformation_block_inst/vector_mult_inst/FE_OFC131_data_in_2__2  
                data_in[468]  transformation_block_inst/vector_mult_inst/FE_OFC156_data_in_2__3  
                data_in[469]  transformation_block_inst/vector_mult_inst/FE_OFC764_data_in_2__4  
                data_in[470]  transformation_block_inst/vector_mult_inst/U10  
                data_in[471]  transformation_block_inst/vector_mult_inst/FE_OFC427_data_in_1__1  
                data_in[472]  transformation_block_inst/vector_mult_inst/FE_OFC464_data_in_1__2  
                data_in[473]  transformation_block_inst/vector_mult_inst/FE_OFC403_data_in_1__3  
                data_in[474]  transformation_block_inst/vector_mult_inst/FE_OFC479_data_in_1__4  
                data_in[475]  transformation_block_inst/vector_mult_inst/FE_OFC308_data_in_0__0  
                data_in[476]  transformation_block_inst/vector_mult_inst/FE_OFC298_data_in_0__1  
                data_in[477]  transformation_block_inst/vector_mult_inst/FE_OFC206_data_in_0__2  
                data_in[478]  transformation_block_inst/vector_mult_inst/U12  
                data_in[479]  transformation_block_inst/vector_mult_inst/U13  
                       start  transformation_block_inst/FE_RC_7_0  
                       reset  transformation_block_inst/scratchpad_inst_memory_reg_46__0_  
                         clk  transformation_block_inst/CTS_ccl_a_buf_00013  519  519  
# Pins: 
    ------------------------------
    Correctness of Pin Connectivity for All Instances
    ------------------------------
    # Floating Terms  0  
    # Output Term Marked Tie Hi/Lo  0  
    # Output Term Shorted to PG Net  0  39076  
# PG Pins: 
    ------------------------------
    Correctness of PG Pin Connectivity for All Instances
    ------------------------------
    # Instances that No Net Defined for Any PG Pin  0  
    # Floating PG Terms  0  
    # PG Pins Connect to Non-PG Net  0  
    # Power Pins Connect Ground Net  0  
    # Ground Pins Connect Power Net  0  121554  
Average Pins Per Net(Signal): 2.808  

==============================
General Library Information
==============================
# Routing Layers: 10  
# Masterslice Layers: 4  
# Pin Layers: 
    General Caution:
        1) Library have M1 and M2 pins, you should setPlaceMode -prerouteAsObs {1 2 3}                                 to ensure these pins are accessible after placement

    ------------------------------
    Pin Layers
    ------------------------------
    M2  
    M1  2  
# Layers: 
    ------------------------------
    Layer Pad Information
    ------------------------------
    Type  Routing  
    Wire Pitch X  0.320 um  
    Wire Pitch Y  0.320 um  
    Offset X  0.160 um  
    Offset Y  0.160 um  
    Wire Width  0.160 um  
    Spacing  8.000 um  
    ------------------------------
    Layer V9 Information
    ------------------------------
    Type  Cut  
    Wire Width  0.160 um  
    Vias  
        ------------------------------
        Via list in layer V9
        ------------------------------
                  Vias in V9  Default  
                     VIA9Pad      Yes  For complete list click here  
    Multiple Orientation Vias  CAUTION: There is only one default via in this layer  
    ------------------------------
    Layer M9 Information
    ------------------------------
    Type  Routing  
    Wire Pitch X  0.320 um  
    Wire Pitch Y  0.320 um  
    Offset X  0.160 um  
    Offset Y  0.160 um  
    Wire Width  0.160 um  
    Spacing  0.160 um  
    ------------------------------
    Layer V8 Information
    ------------------------------
    Type  Cut  
    Wire Width  0.160 um  
    Vias  
        ------------------------------
        Via list in layer V8
        ------------------------------
                  Vias in V8  Default  
                       VIA89      Yes  For complete list click here  
    Multiple Orientation Vias  CAUTION: There is only one default via in this layer  
    ------------------------------
    Layer M8 Information
    ------------------------------
    Type  Routing  
    Wire Pitch X  0.320 um  
    Wire Pitch Y  0.320 um  
    Offset X  0.160 um  
    Offset Y  0.160 um  
    Wire Width  0.160 um  
    Spacing  0.160 um  
    ------------------------------
    Layer V7 Information
    ------------------------------
    Type  Cut  
    Wire Width  0.128 um  
    Vias  
        ------------------------------
        Via list in layer V7
        ------------------------------
                  Vias in V7  Default  
                       VIA78      Yes  For complete list click here  
    Multiple Orientation Vias  CAUTION: There is only one default via in this layer  
    ------------------------------
    Layer M7 Information
    ------------------------------
    Type  Routing  
    Wire Pitch X  0.256 um  
    Wire Pitch Y  0.256 um  
    Offset X  0.128 um  
    Offset Y  0.128 um  
    Wire Width  0.128 um  
    Spacing  0.128 um  
    ------------------------------
    Layer V6 Information
    ------------------------------
    Type  Cut  
    Vias  
        ------------------------------
        Via list in layer V6
        ------------------------------
                  Vias in V6  Default  
                       VIA67      Yes  For complete list click here  
    Multiple Orientation Vias  CAUTION: There is only one default via in this layer  
    ------------------------------
    Layer M6 Information
    ------------------------------
    Type  Routing  
    Wire Pitch X  0.256 um  
    Wire Pitch Y  0.256 um  
    Offset X  0.128 um  
    Offset Y  0.128 um  
    Wire Width  0.128 um  
    Spacing  0.128 um  
    ------------------------------
    Layer V5 Information
    ------------------------------
    Type  Cut  
    Vias  
        ------------------------------
        Via list in layer V5
        ------------------------------
                  Vias in V5  Default  
                       VIA56      Yes  For complete list click here  
    Multiple Orientation Vias  CAUTION: There is only one default via in this layer  
    ------------------------------
    Layer M5 Information
    ------------------------------
    Type  Routing  
    Wire Pitch X  0.192 um  
    Wire Pitch Y  0.192 um  
    Wire Width  0.096 um  
    Spacing  0.096 um  
    ------------------------------
    Layer V4 Information
    ------------------------------
    Type  Cut  
    Vias  
        ------------------------------
        Via list in layer V4
        ------------------------------
                  Vias in V4  Default  
                       VIA45      Yes  For complete list click here  
    Multiple Orientation Vias  CAUTION: There is only one default via in this layer  
    ------------------------------
    Layer M4 Information
    ------------------------------
    Type  Routing  
    Wire Pitch X  0.192 um  
    Wire Pitch Y  0.192 um  
    Offset X  0.012 um  
    Offset Y  0.012 um  
    Wire Width  0.096 um  
    Spacing  0.096 um  
    ------------------------------
    Layer V3 Information
    ------------------------------
    Type  Cut  
    Vias  
        ------------------------------
        Via list in layer V3
        ------------------------------
                  Vias in V3  Default  
                       VIA34      Yes  For complete list click here  
    Multiple Orientation Vias  CAUTION: There is only one default via in this layer  
    ------------------------------
    Layer M3 Information
    ------------------------------
    Type  Routing  
    Wire Pitch X  0.144 um  
    Wire Pitch Y  0.144 um  
    Wire Width  0.072 um  
    Spacing  0.072 um  
    ------------------------------
    Layer V2 Information
    ------------------------------
    Type  Cut  
    Wire Width  0.072 um  
    Vias  
        ------------------------------
        Via list in layer V2
        ------------------------------
                  Vias in V2  Default  
                       VIA23      Yes  For complete list click here  
    Multiple Orientation Vias  CAUTION: There is only one default via in this layer  
    ------------------------------
    Layer M2 Information
    ------------------------------
    Type  Routing  
    Wire Pitch X  0.144 um  
    Wire Pitch Y  0.144 um  
    Wire Width  0.072 um  
    Spacing  0.072 um  
    ------------------------------
    Layer V1 Information
    ------------------------------
    Type  Cut  
    Wire Width  0.072 um  
    Vias  
        ------------------------------
        Via list in layer V1
        ------------------------------
                  Vias in V1  Default  
                       VIA12      Yes  For complete list click here  
    Multiple Orientation Vias  CAUTION: There is only one default via in this layer  
    ------------------------------
    Layer M1 Information
    ------------------------------
    Type  Routing  
    Wire Pitch X  0.144 um  
    Wire Pitch Y  0.144 um  
    Wire Width  0.072 um  
    Spacing  0.072 um  
    ------------------------------
    Layer V0 Information
    ------------------------------
    Type  Cut  
    Wire Width  0.072 um  
    Vias  
        ------------------------------
        Via list in layer V0
        ------------------------------  
    ------------------------------
    Layer Active Information
    ------------------------------
    Type  Masterslice  
    ------------------------------
    Layer Gate Information
    ------------------------------
    Type  Masterslice  
    ------------------------------
    Layer OVERLAP Information
    ------------------------------
    Type  Overlap  25  
# Pins without Physical Port: 0  
# Pins in Library without Timing Lib: 0  
# Pins Missing Direction: 0  
Antenna Summary Report: 
    General Caution:
        1) All Antenna Constructs are absent for the layer section of LEF.
        2) All Antenna Constructs are absent for the macro section of LEF.For more information click here  
# Cells Missing LEF Info: 0  
# Cells with Dimension Errors: 
    ------------------------------
    Size of cell is not an integer multiple of its site
    ------------------------------
               Cell Name        Tech Site name  
    ICGx2p67DC_ASAP7_75t_R           asap7sc7p5t  
     ICGx4DC_ASAP7_75t_R           asap7sc7p5t  
    ICGx5p33DC_ASAP7_75t_R           asap7sc7p5t  
    ICGx6p67DC_ASAP7_75t_R           asap7sc7p5t  
     ICGx8DC_ASAP7_75t_R           asap7sc7p5t  5  

==============================
Netlist Information
==============================
# HFO (>200) Nets: 0  
# No-driven Nets: 484  
    General Caution:
        1) TODO
    No-driven Nets  
    transformation_block_inst/weight_col_out[2]  
    transformation_block_inst/weight_col_out[5]  
    transformation_block_inst/weight_col_out[6]  
    transformation_block_inst/weight_col_out[7]  
    transformation_block_inst/weight_col_out[8]  
    transformation_block_inst/weight_col_out[11]  
    transformation_block_inst/weight_col_out[12]  
    transformation_block_inst/weight_col_out[13]  
    transformation_block_inst/weight_col_out[14]  
    transformation_block_inst/weight_col_out[15]  
    transformation_block_inst/weight_col_out[16]  
    transformation_block_inst/weight_col_out[17]  
    transformation_block_inst/weight_col_out[18]  
    transformation_block_inst/weight_col_out[19]  
    transformation_block_inst/weight_col_out[21]  
    transformation_block_inst/weight_col_out[22]  
    transformation_block_inst/weight_col_out[23]  
    transformation_block_inst/weight_col_out[24]  
    transformation_block_inst/weight_col_out[25]  
    transformation_block_inst/weight_col_out[26]  
    transformation_block_inst/weight_col_out[27]  
    transformation_block_inst/weight_col_out[28]  
    transformation_block_inst/weight_col_out[29]  
    transformation_block_inst/weight_col_out[30]  
    transformation_block_inst/weight_col_out[31]  
    transformation_block_inst/weight_col_out[32]  
    transformation_block_inst/weight_col_out[33]  
    transformation_block_inst/weight_col_out[34]  
    transformation_block_inst/weight_col_out[35]  
    transformation_block_inst/weight_col_out[36]  
    transformation_block_inst/weight_col_out[37]  
    transformation_block_inst/weight_col_out[38]  
    transformation_block_inst/weight_col_out[39]  
    transformation_block_inst/weight_col_out[40]  
    transformation_block_inst/weight_col_out[41]  
    transformation_block_inst/weight_col_out[42]  
    transformation_block_inst/weight_col_out[43]  
    transformation_block_inst/weight_col_out[44]  
    transformation_block_inst/weight_col_out[45]  
    transformation_block_inst/weight_col_out[46]  
    transformation_block_inst/weight_col_out[47]  
    transformation_block_inst/weight_col_out[48]  
    transformation_block_inst/weight_col_out[49]  
    transformation_block_inst/weight_col_out[50]  
    transformation_block_inst/weight_col_out[51]  
    transformation_block_inst/weight_col_out[52]  
    transformation_block_inst/weight_col_out[53]  
    transformation_block_inst/weight_col_out[54]  
    transformation_block_inst/weight_col_out[55]  
    transformation_block_inst/weight_col_out[56]  
    transformation_block_inst/weight_col_out[57]  
    transformation_block_inst/weight_col_out[58]  
    transformation_block_inst/weight_col_out[59]  
    transformation_block_inst/weight_col_out[60]  
    transformation_block_inst/weight_col_out[61]  
    transformation_block_inst/weight_col_out[62]  
    transformation_block_inst/weight_col_out[63]  
    transformation_block_inst/weight_col_out[64]  
    transformation_block_inst/weight_col_out[65]  
    transformation_block_inst/weight_col_out[66]  
    transformation_block_inst/weight_col_out[67]  
    transformation_block_inst/weight_col_out[68]  
    transformation_block_inst/weight_col_out[69]  
    transformation_block_inst/weight_col_out[70]  
    transformation_block_inst/weight_col_out[71]  
    transformation_block_inst/weight_col_out[72]  
    transformation_block_inst/weight_col_out[73]  
    transformation_block_inst/weight_col_out[74]  
    transformation_block_inst/weight_col_out[75]  
    transformation_block_inst/weight_col_out[76]  
    transformation_block_inst/weight_col_out[77]  
    transformation_block_inst/weight_col_out[78]  
    transformation_block_inst/weight_col_out[79]  
    transformation_block_inst/weight_col_out[80]  
    transformation_block_inst/weight_col_out[81]  
    transformation_block_inst/weight_col_out[82]  
    transformation_block_inst/weight_col_out[83]  
    transformation_block_inst/weight_col_out[84]  
    transformation_block_inst/weight_col_out[85]  
    transformation_block_inst/weight_col_out[86]  
    transformation_block_inst/weight_col_out[87]  
    transformation_block_inst/weight_col_out[88]  
    transformation_block_inst/weight_col_out[89]  
    transformation_block_inst/weight_col_out[90]  
    transformation_block_inst/weight_col_out[91]  
    transformation_block_inst/weight_col_out[92]  
    transformation_block_inst/weight_col_out[93]  
    transformation_block_inst/weight_col_out[94]  
    transformation_block_inst/weight_col_out[95]  
    transformation_block_inst/weight_col_out[96]  
    transformation_block_inst/weight_col_out[97]  
    transformation_block_inst/weight_col_out[98]  
    transformation_block_inst/weight_col_out[99]  
    transformation_block_inst/weight_col_out[100]  
    transformation_block_inst/weight_col_out[101]  
    transformation_block_inst/weight_col_out[102]  
    transformation_block_inst/weight_col_out[103]  
    transformation_block_inst/weight_col_out[104]  
    transformation_block_inst/weight_col_out[105]  
    transformation_block_inst/weight_col_out[106]  
    transformation_block_inst/weight_col_out[107]  
    transformation_block_inst/weight_col_out[108]  
    transformation_block_inst/weight_col_out[109]  
    transformation_block_inst/weight_col_out[110]  
    transformation_block_inst/weight_col_out[111]  
    transformation_block_inst/weight_col_out[112]  
    transformation_block_inst/weight_col_out[113]  
    transformation_block_inst/weight_col_out[114]  
    transformation_block_inst/weight_col_out[115]  
    transformation_block_inst/weight_col_out[116]  
    transformation_block_inst/weight_col_out[117]  
    transformation_block_inst/weight_col_out[118]  
    transformation_block_inst/weight_col_out[119]  
    transformation_block_inst/weight_col_out[120]  
    transformation_block_inst/weight_col_out[121]  
    transformation_block_inst/weight_col_out[122]  
    transformation_block_inst/weight_col_out[123]  
    transformation_block_inst/weight_col_out[124]  
    transformation_block_inst/weight_col_out[125]  
    transformation_block_inst/weight_col_out[126]  
    transformation_block_inst/weight_col_out[127]  
    transformation_block_inst/weight_col_out[128]  
    transformation_block_inst/weight_col_out[129]  
    transformation_block_inst/weight_col_out[130]  
    transformation_block_inst/weight_col_out[131]  
    transformation_block_inst/weight_col_out[132]  
    transformation_block_inst/weight_col_out[133]  
    transformation_block_inst/weight_col_out[134]  
    transformation_block_inst/weight_col_out[135]  
    transformation_block_inst/weight_col_out[136]  
    transformation_block_inst/weight_col_out[137]  
    transformation_block_inst/weight_col_out[138]  
    transformation_block_inst/weight_col_out[139]  
    transformation_block_inst/weight_col_out[140]  
    transformation_block_inst/weight_col_out[141]  
    transformation_block_inst/weight_col_out[142]  
    transformation_block_inst/weight_col_out[143]  
    transformation_block_inst/weight_col_out[144]  
    transformation_block_inst/weight_col_out[145]  
    transformation_block_inst/weight_col_out[146]  
    transformation_block_inst/weight_col_out[147]  
    transformation_block_inst/weight_col_out[148]  
    transformation_block_inst/weight_col_out[149]  
    transformation_block_inst/weight_col_out[150]  
    transformation_block_inst/weight_col_out[151]  
    transformation_block_inst/weight_col_out[152]  
    transformation_block_inst/weight_col_out[153]  
    transformation_block_inst/weight_col_out[154]  
    transformation_block_inst/weight_col_out[155]  
    transformation_block_inst/weight_col_out[156]  
    transformation_block_inst/weight_col_out[157]  
    transformation_block_inst/weight_col_out[158]  
    transformation_block_inst/weight_col_out[159]  
    transformation_block_inst/weight_col_out[160]  
    transformation_block_inst/weight_col_out[161]  
    transformation_block_inst/weight_col_out[162]  
    transformation_block_inst/weight_col_out[163]  
    transformation_block_inst/weight_col_out[164]  
    transformation_block_inst/weight_col_out[165]  
    transformation_block_inst/weight_col_out[166]  
    transformation_block_inst/weight_col_out[167]  
    transformation_block_inst/weight_col_out[168]  
    transformation_block_inst/weight_col_out[169]  
    transformation_block_inst/weight_col_out[170]  
    transformation_block_inst/weight_col_out[171]  
    transformation_block_inst/weight_col_out[172]  
    transformation_block_inst/weight_col_out[173]  
    transformation_block_inst/weight_col_out[174]  
    transformation_block_inst/weight_col_out[175]  
    transformation_block_inst/weight_col_out[176]  
    transformation_block_inst/weight_col_out[177]  
    transformation_block_inst/weight_col_out[178]  
    transformation_block_inst/weight_col_out[179]  
    transformation_block_inst/weight_col_out[180]  
    transformation_block_inst/weight_col_out[181]  
    transformation_block_inst/weight_col_out[182]  
    transformation_block_inst/weight_col_out[183]  
    transformation_block_inst/weight_col_out[184]  
    transformation_block_inst/weight_col_out[185]  
    transformation_block_inst/weight_col_out[186]  
    transformation_block_inst/weight_col_out[187]  
    transformation_block_inst/weight_col_out[188]  
    transformation_block_inst/weight_col_out[189]  
    transformation_block_inst/weight_col_out[190]  
    transformation_block_inst/weight_col_out[191]  
    transformation_block_inst/weight_col_out[192]  
    transformation_block_inst/weight_col_out[193]  
    transformation_block_inst/weight_col_out[194]  
    transformation_block_inst/weight_col_out[195]  
    transformation_block_inst/weight_col_out[196]  
    transformation_block_inst/weight_col_out[197]  
    transformation_block_inst/weight_col_out[198]  
    transformation_block_inst/weight_col_out[199]  
    transformation_block_inst/weight_col_out[200]  
    transformation_block_inst/weight_col_out[201]  
    transformation_block_inst/weight_col_out[202]  
    transformation_block_inst/weight_col_out[203]  
    transformation_block_inst/weight_col_out[204]  
    transformation_block_inst/weight_col_out[205]  
    transformation_block_inst/weight_col_out[206]  
    transformation_block_inst/weight_col_out[207]  
    transformation_block_inst/weight_col_out[208]  
    transformation_block_inst/weight_col_out[209]  
    transformation_block_inst/weight_col_out[210]  
    transformation_block_inst/weight_col_out[211]  
    transformation_block_inst/weight_col_out[212]  
    transformation_block_inst/weight_col_out[213]  
    transformation_block_inst/weight_col_out[214]  
    transformation_block_inst/weight_col_out[215]  
    transformation_block_inst/weight_col_out[216]  
    transformation_block_inst/weight_col_out[217]  
    transformation_block_inst/weight_col_out[218]  
    transformation_block_inst/weight_col_out[219]  
    transformation_block_inst/weight_col_out[220]  
    transformation_block_inst/weight_col_out[221]  
    transformation_block_inst/weight_col_out[222]  
    transformation_block_inst/weight_col_out[223]  
    transformation_block_inst/weight_col_out[224]  
    transformation_block_inst/weight_col_out[225]  
    transformation_block_inst/weight_col_out[226]  
    transformation_block_inst/weight_col_out[227]  
    transformation_block_inst/weight_col_out[228]  
    transformation_block_inst/weight_col_out[229]  
    transformation_block_inst/weight_col_out[230]  
    transformation_block_inst/weight_col_out[231]  
    transformation_block_inst/weight_col_out[232]  
    transformation_block_inst/weight_col_out[233]  
    transformation_block_inst/weight_col_out[234]  
    transformation_block_inst/weight_col_out[235]  
    transformation_block_inst/weight_col_out[236]  
    transformation_block_inst/weight_col_out[237]  
    transformation_block_inst/weight_col_out[238]  
    transformation_block_inst/weight_col_out[239]  
    transformation_block_inst/weight_col_out[240]  
    transformation_block_inst/weight_col_out[242]  
    transformation_block_inst/weight_col_out[243]  
    transformation_block_inst/weight_col_out[244]  
    transformation_block_inst/weight_col_out[245]  
    transformation_block_inst/weight_col_out[246]  
    transformation_block_inst/weight_col_out[249]  
    transformation_block_inst/weight_col_out[250]  
    transformation_block_inst/weight_col_out[251]  
    transformation_block_inst/weight_col_out[252]  
    transformation_block_inst/weight_col_out[253]  
    transformation_block_inst/weight_col_out[254]  
    transformation_block_inst/weight_col_out[255]  
    transformation_block_inst/weight_col_out[256]  
    transformation_block_inst/weight_col_out[257]  
    transformation_block_inst/weight_col_out[258]  
    transformation_block_inst/weight_col_out[259]  
    transformation_block_inst/weight_col_out[260]  
    transformation_block_inst/weight_col_out[261]  
    transformation_block_inst/weight_col_out[262]  
    transformation_block_inst/weight_col_out[263]  
    transformation_block_inst/weight_col_out[264]  
    transformation_block_inst/weight_col_out[265]  
    transformation_block_inst/weight_col_out[266]  
    transformation_block_inst/weight_col_out[267]  
    transformation_block_inst/weight_col_out[268]  
    transformation_block_inst/weight_col_out[269]  
    transformation_block_inst/weight_col_out[270]  
    transformation_block_inst/weight_col_out[271]  
    transformation_block_inst/weight_col_out[272]  
    transformation_block_inst/weight_col_out[273]  
    transformation_block_inst/weight_col_out[274]  
    transformation_block_inst/weight_col_out[275]  
    transformation_block_inst/weight_col_out[276]  
    transformation_block_inst/weight_col_out[277]  
    transformation_block_inst/weight_col_out[278]  
    transformation_block_inst/weight_col_out[279]  
    transformation_block_inst/weight_col_out[280]  
    transformation_block_inst/weight_col_out[281]  
    transformation_block_inst/weight_col_out[282]  
    transformation_block_inst/weight_col_out[283]  
    transformation_block_inst/weight_col_out[284]  
    transformation_block_inst/weight_col_out[285]  
    transformation_block_inst/weight_col_out[286]  
    transformation_block_inst/weight_col_out[287]  
    transformation_block_inst/weight_col_out[288]  
    transformation_block_inst/weight_col_out[289]  
    transformation_block_inst/weight_col_out[290]  
    transformation_block_inst/weight_col_out[291]  
    transformation_block_inst/weight_col_out[292]  
    transformation_block_inst/weight_col_out[293]  
    transformation_block_inst/weight_col_out[294]  
    transformation_block_inst/weight_col_out[295]  
    transformation_block_inst/weight_col_out[296]  
    transformation_block_inst/weight_col_out[297]  
    transformation_block_inst/weight_col_out[298]  
    transformation_block_inst/weight_col_out[299]  
    transformation_block_inst/weight_col_out[300]  
    transformation_block_inst/weight_col_out[301]  
    transformation_block_inst/weight_col_out[302]  
    transformation_block_inst/weight_col_out[303]  
    transformation_block_inst/weight_col_out[304]  
    transformation_block_inst/weight_col_out[305]  
    transformation_block_inst/weight_col_out[306]  
    transformation_block_inst/weight_col_out[307]  
    transformation_block_inst/weight_col_out[308]  
    transformation_block_inst/weight_col_out[309]  
    transformation_block_inst/weight_col_out[310]  
    transformation_block_inst/weight_col_out[311]  
    transformation_block_inst/weight_col_out[312]  
    transformation_block_inst/weight_col_out[313]  
    transformation_block_inst/weight_col_out[314]  
    transformation_block_inst/weight_col_out[315]  
    transformation_block_inst/weight_col_out[316]  
    transformation_block_inst/weight_col_out[317]  
    transformation_block_inst/weight_col_out[318]  
    transformation_block_inst/weight_col_out[319]  
    transformation_block_inst/weight_col_out[320]  
    transformation_block_inst/weight_col_out[321]  
    transformation_block_inst/weight_col_out[322]  
    transformation_block_inst/weight_col_out[323]  
    transformation_block_inst/weight_col_out[324]  
    transformation_block_inst/weight_col_out[325]  
    transformation_block_inst/weight_col_out[326]  
    transformation_block_inst/weight_col_out[327]  
    transformation_block_inst/weight_col_out[328]  
    transformation_block_inst/weight_col_out[329]  
    transformation_block_inst/weight_col_out[330]  
    transformation_block_inst/weight_col_out[331]  
    transformation_block_inst/weight_col_out[332]  
    transformation_block_inst/weight_col_out[333]  
    transformation_block_inst/weight_col_out[334]  
    transformation_block_inst/weight_col_out[335]  
    transformation_block_inst/weight_col_out[336]  
    transformation_block_inst/weight_col_out[337]  
    transformation_block_inst/weight_col_out[338]  
    transformation_block_inst/weight_col_out[339]  
    transformation_block_inst/weight_col_out[340]  
    transformation_block_inst/weight_col_out[341]  
    transformation_block_inst/weight_col_out[342]  
    transformation_block_inst/weight_col_out[343]  
    transformation_block_inst/weight_col_out[344]  
    transformation_block_inst/weight_col_out[345]  
    transformation_block_inst/weight_col_out[346]  
    transformation_block_inst/weight_col_out[347]  
    transformation_block_inst/weight_col_out[348]  
    transformation_block_inst/weight_col_out[349]  
    transformation_block_inst/weight_col_out[350]  
    transformation_block_inst/weight_col_out[351]  
    transformation_block_inst/weight_col_out[352]  
    transformation_block_inst/weight_col_out[353]  
    transformation_block_inst/weight_col_out[354]  
    transformation_block_inst/weight_col_out[355]  
    transformation_block_inst/weight_col_out[356]  
    transformation_block_inst/weight_col_out[357]  
    transformation_block_inst/weight_col_out[358]  
    transformation_block_inst/weight_col_out[359]  
    transformation_block_inst/weight_col_out[360]  
    transformation_block_inst/weight_col_out[361]  
    transformation_block_inst/weight_col_out[362]  
    transformation_block_inst/weight_col_out[363]  
    transformation_block_inst/weight_col_out[364]  
    transformation_block_inst/weight_col_out[365]  
    transformation_block_inst/weight_col_out[366]  
    transformation_block_inst/weight_col_out[367]  
    transformation_block_inst/weight_col_out[368]  
    transformation_block_inst/weight_col_out[369]  
    transformation_block_inst/weight_col_out[370]  
    transformation_block_inst/weight_col_out[371]  
    transformation_block_inst/weight_col_out[372]  
    transformation_block_inst/weight_col_out[373]  
    transformation_block_inst/weight_col_out[374]  
    transformation_block_inst/weight_col_out[375]  
    transformation_block_inst/weight_col_out[376]  
    transformation_block_inst/weight_col_out[377]  
    transformation_block_inst/weight_col_out[378]  
    transformation_block_inst/weight_col_out[379]  
    transformation_block_inst/weight_col_out[380]  
    transformation_block_inst/weight_col_out[381]  
    transformation_block_inst/weight_col_out[382]  
    transformation_block_inst/weight_col_out[383]  
    transformation_block_inst/weight_col_out[384]  
    transformation_block_inst/weight_col_out[385]  
    transformation_block_inst/weight_col_out[386]  
    transformation_block_inst/weight_col_out[387]  
    transformation_block_inst/weight_col_out[388]  
    transformation_block_inst/weight_col_out[389]  
    transformation_block_inst/weight_col_out[390]  
    transformation_block_inst/weight_col_out[391]  
    transformation_block_inst/weight_col_out[392]  
    transformation_block_inst/weight_col_out[393]  
    transformation_block_inst/weight_col_out[394]  
    transformation_block_inst/weight_col_out[395]  
    transformation_block_inst/weight_col_out[396]  
    transformation_block_inst/weight_col_out[397]  
    transformation_block_inst/weight_col_out[398]  
    transformation_block_inst/weight_col_out[399]  
    transformation_block_inst/weight_col_out[400]  
    transformation_block_inst/weight_col_out[401]  
    transformation_block_inst/weight_col_out[402]  
    transformation_block_inst/weight_col_out[403]  
    transformation_block_inst/weight_col_out[404]  
    transformation_block_inst/weight_col_out[405]  
    transformation_block_inst/weight_col_out[406]  
    transformation_block_inst/weight_col_out[407]  
    transformation_block_inst/weight_col_out[408]  
    transformation_block_inst/weight_col_out[409]  
    transformation_block_inst/weight_col_out[410]  
    transformation_block_inst/weight_col_out[411]  
    transformation_block_inst/weight_col_out[412]  
    transformation_block_inst/weight_col_out[413]  
    transformation_block_inst/weight_col_out[414]  
    transformation_block_inst/weight_col_out[415]  
    transformation_block_inst/weight_col_out[416]  
    transformation_block_inst/weight_col_out[417]  
    transformation_block_inst/weight_col_out[418]  
    transformation_block_inst/weight_col_out[419]  
    transformation_block_inst/weight_col_out[420]  
    transformation_block_inst/weight_col_out[421]  
    transformation_block_inst/weight_col_out[422]  
    transformation_block_inst/weight_col_out[423]  
    transformation_block_inst/weight_col_out[424]  
    transformation_block_inst/weight_col_out[425]  
    transformation_block_inst/weight_col_out[426]  
    transformation_block_inst/weight_col_out[427]  
    transformation_block_inst/weight_col_out[428]  
    transformation_block_inst/weight_col_out[429]  
    transformation_block_inst/weight_col_out[430]  
    transformation_block_inst/weight_col_out[431]  
    transformation_block_inst/weight_col_out[432]  
    transformation_block_inst/weight_col_out[433]  
    transformation_block_inst/weight_col_out[434]  
    transformation_block_inst/weight_col_out[435]  
    transformation_block_inst/weight_col_out[436]  
    transformation_block_inst/weight_col_out[437]  
    transformation_block_inst/weight_col_out[438]  
    transformation_block_inst/weight_col_out[439]  
    transformation_block_inst/weight_col_out[440]  
    transformation_block_inst/weight_col_out[441]  
    transformation_block_inst/weight_col_out[442]  
    transformation_block_inst/weight_col_out[443]  
    transformation_block_inst/weight_col_out[444]  
    transformation_block_inst/weight_col_out[445]  
    transformation_block_inst/weight_col_out[446]  
    transformation_block_inst/weight_col_out[447]  
    transformation_block_inst/weight_col_out[448]  
    transformation_block_inst/weight_col_out[449]  
    transformation_block_inst/weight_col_out[450]  
    transformation_block_inst/weight_col_out[451]  
    transformation_block_inst/weight_col_out[452]  
    transformation_block_inst/weight_col_out[453]  
    transformation_block_inst/weight_col_out[454]  
    transformation_block_inst/weight_col_out[455]  
    transformation_block_inst/weight_col_out[456]  
    transformation_block_inst/weight_col_out[457]  
    transformation_block_inst/weight_col_out[458]  
    transformation_block_inst/weight_col_out[459]  
    transformation_block_inst/weight_col_out[460]  
    transformation_block_inst/weight_col_out[461]  
    transformation_block_inst/weight_col_out[462]  
    transformation_block_inst/weight_col_out[463]  
    transformation_block_inst/weight_col_out[464]  
    transformation_block_inst/weight_col_out[465]  
    transformation_block_inst/weight_col_out[466]  
    transformation_block_inst/weight_col_out[467]  
    transformation_block_inst/weight_col_out[468]  
    transformation_block_inst/weight_col_out[469]  
    transformation_block_inst/weight_col_out[470]  
    transformation_block_inst/weight_col_out[471]  
    transformation_block_inst/weight_col_out[474]  
    transformation_block_inst/weight_col_out[475]  
    transformation_block_inst/weight_col_out[477]  
    transformation_block_inst/weight_col_out[478]  
    SYNOPSYS_UNCONNECTED__8  
    SYNOPSYS_UNCONNECTED__7  
    SYNOPSYS_UNCONNECTED__6  
    SYNOPSYS_UNCONNECTED__5  
    SYNOPSYS_UNCONNECTED__4  
    SYNOPSYS_UNCONNECTED__3  
    SYNOPSYS_UNCONNECTED__2  
    SYNOPSYS_UNCONNECTED__1  
    SYNOPSYS_UNCONNECTED__0  
    read_address_10_  
    read_address[3]  
    read_address[4]  
    read_address[5]  
    read_address[6]  
    read_address[7]  
    read_address[8]  
    read_address[11]  
    read_address[12]  
# Multi-driven Nets: 0  
# Assign Statements: 0  
Is Design Uniquified: YES  
# Pins in Netlist without timing lib: 0  

==============================

==============================
: Internal  External  
No of Nets:      13428           0  
No of Connections:      26167           0  
Total Net Length (X): 1.0896e+05  0.0000e+00  
Total Net Length (Y): 1.0983e+05  0.0000e+00  
Total Net Length: 2.1879e+05  0.0000e+00  

==============================
Timing Information
==============================
# Clocks in design: 
    ------------------------------
    Clocks in Design
    ------------------------------
    default_hold_view/clk  
    default_setup_view/clk  2  
# Generated clocks: 0  
# "dont_use" cells from .libs: 0  
# "dont_touch" cells from .libs: 0  
# Cells in .lib with max_tran: 
    ------------------------------
    Cell List with max_tran
    ------------------------------
               Cell Name  Max Transition (ps)  
    A2O1A1Ixp33_ASAP7_75t_R  320  
    A2O1A1O1Ixp25_ASAP7_75t_R  320  
      AND2x2_ASAP7_75t_R  4000  
      AND2x4_ASAP7_75t_R  4000  
      AND2x6_ASAP7_75t_R  4000  
      AND3x1_ASAP7_75t_R  4000  
      AND3x2_ASAP7_75t_R  4000  
      AND3x4_ASAP7_75t_R  4000  
      AND4x1_ASAP7_75t_R  4000  
      AND4x2_ASAP7_75t_R  4000  
      AND5x1_ASAP7_75t_R  4000  
      AND5x2_ASAP7_75t_R  4000  
     AO211x2_ASAP7_75t_R  320  
      AO21x1_ASAP7_75t_R  320  
      AO21x2_ASAP7_75t_R  320  
     AO221x1_ASAP7_75t_R  320  
     AO221x2_ASAP7_75t_R  320  
     AO222x2_ASAP7_75t_R  320  
      AO22x1_ASAP7_75t_R  320  
      AO22x2_ASAP7_75t_R  320  
      AO31x2_ASAP7_75t_R  320  
     AO322x2_ASAP7_75t_R  320  
      AO32x1_ASAP7_75t_R  320  
      AO32x2_ASAP7_75t_R  320  
     AO331x1_ASAP7_75t_R  320  
     AO331x2_ASAP7_75t_R  320  
     AO332x1_ASAP7_75t_R  320  
     AO332x2_ASAP7_75t_R  320  
     AO333x1_ASAP7_75t_R  320  
     AO333x2_ASAP7_75t_R  320  
      AO33x2_ASAP7_75t_R  320  
    AOI211x1_ASAP7_75t_R  320  
    AOI211xp5_ASAP7_75t_R  320  
     AOI21x1_ASAP7_75t_R  320  
    AOI21xp33_ASAP7_75t_R  320  
    AOI21xp5_ASAP7_75t_R  320  
    AOI221x1_ASAP7_75t_R  320  
    AOI221xp5_ASAP7_75t_R  320  
    AOI222xp33_ASAP7_75t_R  320  
     AOI22x1_ASAP7_75t_R  320  
    AOI22xp33_ASAP7_75t_R  320  
    AOI22xp5_ASAP7_75t_R  320  
    AOI311xp33_ASAP7_75t_R  320  
    AOI31xp33_ASAP7_75t_R  320  
    AOI31xp67_ASAP7_75t_R  320  
    AOI321xp33_ASAP7_75t_R  320  
    AOI322xp5_ASAP7_75t_R  320  
    AOI32xp33_ASAP7_75t_R  320  
    AOI331xp33_ASAP7_75t_R  320  
    AOI332xp33_ASAP7_75t_R  320  
    AOI333xp33_ASAP7_75t_R  320  
    AOI33xp33_ASAP7_75t_R  320  
    ASYNC_DFFHx1_ASAP7_75t_R  320  
      BUFx10_ASAP7_75t_R  320  
      BUFx12_ASAP7_75t_R  320  
     BUFx12f_ASAP7_75t_R  320  
     BUFx16f_ASAP7_75t_R  320  
      BUFx24_ASAP7_75t_R  320  
       BUFx2_ASAP7_75t_R  320  
       BUFx3_ASAP7_75t_R  320  
       BUFx4_ASAP7_75t_R  320  
      BUFx4f_ASAP7_75t_R  320  
       BUFx5_ASAP7_75t_R  320  
      BUFx6f_ASAP7_75t_R  320  
       BUFx8_ASAP7_75t_R  320  
    CKINVDCx10_ASAP7_75t_R  320  
    CKINVDCx11_ASAP7_75t_R  320  
    CKINVDCx12_ASAP7_75t_R  320  
    CKINVDCx14_ASAP7_75t_R  320  
    CKINVDCx16_ASAP7_75t_R  320  
    CKINVDCx20_ASAP7_75t_R  320  
    CKINVDCx5p33_ASAP7_75t_R  320  
    CKINVDCx6p67_ASAP7_75t_R  320  
    CKINVDCx8_ASAP7_75t_R  320  
    CKINVDCx9p33_ASAP7_75t_R  320  
    DFFHQNx1_ASAP7_75t_R  320  
    DFFHQNx2_ASAP7_75t_R  320  
    DFFHQNx3_ASAP7_75t_R  320  
     DFFHQx4_ASAP7_75t_R  320  
    DFFLQNx1_ASAP7_75t_R  320  
    DFFLQNx2_ASAP7_75t_R  320  
    DFFLQNx3_ASAP7_75t_R  320  
     DFFLQx4_ASAP7_75t_R  320  
       DHLx1_ASAP7_75t_R  320  
       DHLx2_ASAP7_75t_R  320  
       DHLx3_ASAP7_75t_R  320  
       DLLx1_ASAP7_75t_R  320  
       DLLx2_ASAP7_75t_R  320  
       DLLx3_ASAP7_75t_R  320  
        FAx1_ASAP7_75t_R  4000  
       HAxp5_ASAP7_75t_R  4000  
     HB1xp67_ASAP7_75t_R  320  
     HB2xp67_ASAP7_75t_R  320  
     HB3xp67_ASAP7_75t_R  320  
     HB4xp67_ASAP7_75t_R  320  
       ICGx1_ASAP7_75t_R  320  
       ICGx2_ASAP7_75t_R  320  
    ICGx2p67DC_ASAP7_75t_R  320  
       ICGx3_ASAP7_75t_R  320  
     ICGx4DC_ASAP7_75t_R  320  
       ICGx4_ASAP7_75t_R  320  
       ICGx5_ASAP7_75t_R  320  
    ICGx5p33DC_ASAP7_75t_R  320  
    ICGx6p67DC_ASAP7_75t_R  320  
     ICGx8DC_ASAP7_75t_R  320  
      INVx11_ASAP7_75t_R  320  
      INVx13_ASAP7_75t_R  320  
       INVx1_ASAP7_75t_R  320  
       INVx2_ASAP7_75t_R  320  
       INVx3_ASAP7_75t_R  320  
       INVx4_ASAP7_75t_R  320  
       INVx5_ASAP7_75t_R  320  
       INVx6_ASAP7_75t_R  320  
       INVx8_ASAP7_75t_R  320  
     INVxp33_ASAP7_75t_R  320  
     INVxp67_ASAP7_75t_R  320  
     MAJIxp5_ASAP7_75t_R  4000  
       MAJx2_ASAP7_75t_R  4000  
       MAJx3_ASAP7_75t_R  4000  
     NAND2x1_ASAP7_75t_R  4000  
    NAND2x1p5_ASAP7_75t_R  4000  
     NAND2x2_ASAP7_75t_R  4000  
    NAND2xp33_ASAP7_75t_R  4000  
    NAND2xp5_ASAP7_75t_R  4000  
    NAND2xp67_ASAP7_75t_R  4000  
     NAND3x1_ASAP7_75t_R  4000  
     NAND3x2_ASAP7_75t_R  4000  
    NAND3xp33_ASAP7_75t_R  4000  
    NAND4xp25_ASAP7_75t_R  4000  
    NAND4xp75_ASAP7_75t_R  4000  
    NAND5xp2_ASAP7_75t_R  4000  
      NOR2x1_ASAP7_75t_R  4000  
    NOR2x1p5_ASAP7_75t_R  4000  
      NOR2x2_ASAP7_75t_R  4000  
    NOR2xp33_ASAP7_75t_R  4000  
    NOR2xp67_ASAP7_75t_R  4000  
      NOR3x1_ASAP7_75t_R  4000  
      NOR3x2_ASAP7_75t_R  4000  
    NOR3xp33_ASAP7_75t_R  4000  
    NOR4xp25_ASAP7_75t_R  4000  
    NOR4xp75_ASAP7_75t_R  4000  
     NOR5xp2_ASAP7_75t_R  4000  
    O2A1O1Ixp33_ASAP7_75t_R  320  
    O2A1O1Ixp5_ASAP7_75t_R  320  
     OA211x2_ASAP7_75t_R  320  
      OA21x2_ASAP7_75t_R  320  
     OA221x2_ASAP7_75t_R  320  
     OA222x2_ASAP7_75t_R  320  
      OA22x2_ASAP7_75t_R  320  
      OA31x2_ASAP7_75t_R  320  
     OA331x1_ASAP7_75t_R  320  
     OA331x2_ASAP7_75t_R  320  
     OA332x1_ASAP7_75t_R  320  
     OA332x2_ASAP7_75t_R  320  
     OA333x1_ASAP7_75t_R  320  
     OA333x2_ASAP7_75t_R  320  
      OA33x2_ASAP7_75t_R  320  
    OAI211xp5_ASAP7_75t_R  320  
     OAI21x1_ASAP7_75t_R  320  
    OAI21xp33_ASAP7_75t_R  320  
    OAI21xp5_ASAP7_75t_R  320  
    OAI221xp5_ASAP7_75t_R  320  
    OAI222xp33_ASAP7_75t_R  320  
     OAI22x1_ASAP7_75t_R  320  
    OAI22xp33_ASAP7_75t_R  320  
    OAI22xp5_ASAP7_75t_R  320  
    OAI311xp33_ASAP7_75t_R  320  
    OAI31xp33_ASAP7_75t_R  320  
    OAI31xp67_ASAP7_75t_R  320  
    OAI321xp33_ASAP7_75t_R  320  
    OAI322xp33_ASAP7_75t_R  320  
    OAI32xp33_ASAP7_75t_R  320  
    OAI331xp33_ASAP7_75t_R  320  
    OAI332xp33_ASAP7_75t_R  320  
    OAI333xp33_ASAP7_75t_R  320  
    OAI33xp33_ASAP7_75t_R  320  
       OR2x2_ASAP7_75t_R  4000  
       OR2x4_ASAP7_75t_R  4000  
       OR2x6_ASAP7_75t_R  4000  
       OR3x1_ASAP7_75t_R  4000  
       OR3x2_ASAP7_75t_R  4000  
       OR3x4_ASAP7_75t_R  4000  
       OR4x1_ASAP7_75t_R  4000  
       OR4x2_ASAP7_75t_R  4000  
       OR5x1_ASAP7_75t_R  4000  
       OR5x2_ASAP7_75t_R  4000  
      SDFHx1_ASAP7_75t_R  320  
      SDFHx2_ASAP7_75t_R  320  
      SDFHx3_ASAP7_75t_R  320  
      SDFHx4_ASAP7_75t_R  320  
      SDFLx1_ASAP7_75t_R  320  
      SDFLx2_ASAP7_75t_R  320  
      SDFLx3_ASAP7_75t_R  320  
      SDFLx4_ASAP7_75t_R  320  
     TIEHIx1_ASAP7_75t_R  4000  
     TIELOx1_ASAP7_75t_R  4000  
     XNOR2x1_ASAP7_75t_R  4000  
     XNOR2x2_ASAP7_75t_R  4000  
    XNOR2xp5_ASAP7_75t_R  4000  
      XOR2x1_ASAP7_75t_R  4000  
      XOR2x2_ASAP7_75t_R  4000  
     XOR2xp5_ASAP7_75t_R  4000  202  
# Cells in .lib with max_cap: 
    ------------------------------
    Cell List with max_cap
    ------------------------------
               Cell Name  Max Capacitance (pf)  
    A2O1A1Ixp33_ASAP7_75t_R  0.023040  
    A2O1A1O1Ixp25_ASAP7_75t_R  0.023040  
      AND2x2_ASAP7_75t_R  0.092160  
      AND2x4_ASAP7_75t_R  0.184320  
      AND2x6_ASAP7_75t_R  0.368640  
      AND3x1_ASAP7_75t_R  0.046080  
      AND3x2_ASAP7_75t_R  0.092160  
      AND3x4_ASAP7_75t_R  0.184320  
      AND4x1_ASAP7_75t_R  0.046080  
      AND4x2_ASAP7_75t_R  0.092160  
      AND5x1_ASAP7_75t_R  0.368640  
      AND5x2_ASAP7_75t_R  0.368640  
     AO211x2_ASAP7_75t_R  0.092160  
      AO21x1_ASAP7_75t_R  0.046080  
      AO21x2_ASAP7_75t_R  0.092160  
     AO221x1_ASAP7_75t_R  0.046080  
     AO221x2_ASAP7_75t_R  0.092160  
     AO222x2_ASAP7_75t_R  0.092160  
      AO22x1_ASAP7_75t_R  0.046080  
      AO22x2_ASAP7_75t_R  0.092160  
      AO31x2_ASAP7_75t_R  0.092160  
     AO322x2_ASAP7_75t_R  0.092160  
      AO32x1_ASAP7_75t_R  0.046080  
      AO32x2_ASAP7_75t_R  0.092160  
     AO331x1_ASAP7_75t_R  0.046080  
     AO331x2_ASAP7_75t_R  0.092160  
     AO332x1_ASAP7_75t_R  0.046080  
     AO332x2_ASAP7_75t_R  0.092160  
     AO333x1_ASAP7_75t_R  0.046080  
     AO333x2_ASAP7_75t_R  0.092160  
      AO33x2_ASAP7_75t_R  0.092160  
    AOI211x1_ASAP7_75t_R  0.046080  
    AOI211xp5_ASAP7_75t_R  0.023040  
     AOI21x1_ASAP7_75t_R  0.023040  
    AOI21xp33_ASAP7_75t_R  0.023040  
    AOI21xp5_ASAP7_75t_R  0.023040  
    AOI221x1_ASAP7_75t_R  0.046080  
    AOI221xp5_ASAP7_75t_R  0.023040  
    AOI222xp33_ASAP7_75t_R  0.023040  
     AOI22x1_ASAP7_75t_R  0.046080  
    AOI22xp33_ASAP7_75t_R  0.023040  
    AOI22xp5_ASAP7_75t_R  0.023040  
    AOI311xp33_ASAP7_75t_R  0.023040  
    AOI31xp33_ASAP7_75t_R  0.023040  
    AOI31xp67_ASAP7_75t_R  0.023040  
    AOI321xp33_ASAP7_75t_R  0.023040  
    AOI322xp5_ASAP7_75t_R  0.023040  
    AOI32xp33_ASAP7_75t_R  0.023040  
    AOI331xp33_ASAP7_75t_R  0.023040  
    AOI332xp33_ASAP7_75t_R  0.023040  
    AOI333xp33_ASAP7_75t_R  0.023040  
    AOI33xp33_ASAP7_75t_R  0.023040  
    ASYNC_DFFHx1_ASAP7_75t_R  0.046080  
      BUFx10_ASAP7_75t_R  0.368640  
      BUFx12_ASAP7_75t_R  0.368640  
     BUFx12f_ASAP7_75t_R  0.368640  
     BUFx16f_ASAP7_75t_R  0.737280  
      BUFx24_ASAP7_75t_R  1.474560  
       BUFx2_ASAP7_75t_R  0.092160  
       BUFx3_ASAP7_75t_R  0.092160  
       BUFx4_ASAP7_75t_R  0.184320  
      BUFx4f_ASAP7_75t_R  0.184320  
       BUFx5_ASAP7_75t_R  0.184320  
      BUFx6f_ASAP7_75t_R  0.184320  
       BUFx8_ASAP7_75t_R  0.368640  
    CKINVDCx10_ASAP7_75t_R  0.737280  
    CKINVDCx11_ASAP7_75t_R  0.737280  
    CKINVDCx12_ASAP7_75t_R  0.737280  
    CKINVDCx14_ASAP7_75t_R  0.737280  
    CKINVDCx16_ASAP7_75t_R  0.737280  
    CKINVDCx20_ASAP7_75t_R  0.737280  
    CKINVDCx5p33_ASAP7_75t_R  0.184320  
    CKINVDCx6p67_ASAP7_75t_R  0.368640  
    CKINVDCx8_ASAP7_75t_R  0.368640  
    CKINVDCx9p33_ASAP7_75t_R  0.368640  
    DFFHQNx1_ASAP7_75t_R  0.046080  
    DFFHQNx2_ASAP7_75t_R  0.092160  
    DFFHQNx3_ASAP7_75t_R  0.092160  
     DFFHQx4_ASAP7_75t_R  0.092160  
    DFFLQNx1_ASAP7_75t_R  0.046080  
    DFFLQNx2_ASAP7_75t_R  0.092160  
    DFFLQNx3_ASAP7_75t_R  0.092160  
     DFFLQx4_ASAP7_75t_R  0.184320  
       DHLx1_ASAP7_75t_R  0.046080  
       DHLx2_ASAP7_75t_R  0.092160  
       DHLx3_ASAP7_75t_R  0.092160  
       DLLx1_ASAP7_75t_R  0.046080  
       DLLx2_ASAP7_75t_R  0.092160  
       DLLx3_ASAP7_75t_R  0.092160  
        FAx1_ASAP7_75t_R  0.046080  
       HAxp5_ASAP7_75t_R  0.023040  
     HB1xp67_ASAP7_75t_R  0.023040  
     HB2xp67_ASAP7_75t_R  0.023040  
     HB3xp67_ASAP7_75t_R  0.023040  
     HB4xp67_ASAP7_75t_R  0.023040  
       ICGx1_ASAP7_75t_R  0.046080  
       ICGx2_ASAP7_75t_R  0.092160  
    ICGx2p67DC_ASAP7_75t_R  0.092160  
       ICGx3_ASAP7_75t_R  0.092160  
     ICGx4DC_ASAP7_75t_R  0.092160  
       ICGx4_ASAP7_75t_R  0.092160  
       ICGx5_ASAP7_75t_R  0.092160  
    ICGx5p33DC_ASAP7_75t_R  0.092160  
    ICGx6p67DC_ASAP7_75t_R  0.092160  
     ICGx8DC_ASAP7_75t_R  0.092160  
      INVx11_ASAP7_75t_R  0.368640  
      INVx13_ASAP7_75t_R  0.737280  
       INVx1_ASAP7_75t_R  0.046080  
       INVx2_ASAP7_75t_R  0.092160  
       INVx3_ASAP7_75t_R  0.092160  
       INVx4_ASAP7_75t_R  0.184320  
       INVx5_ASAP7_75t_R  0.184320  
       INVx6_ASAP7_75t_R  0.368640  
       INVx8_ASAP7_75t_R  0.368640  
     INVxp33_ASAP7_75t_R  0.023040  
     INVxp67_ASAP7_75t_R  0.023040  
     MAJIxp5_ASAP7_75t_R  0.023040  
       MAJx2_ASAP7_75t_R  0.092160  
       MAJx3_ASAP7_75t_R  0.092160  
     NAND2x1_ASAP7_75t_R  0.046080  
    NAND2x1p5_ASAP7_75t_R  0.023040  
     NAND2x2_ASAP7_75t_R  0.092160  
    NAND2xp33_ASAP7_75t_R  0.023040  
    NAND2xp5_ASAP7_75t_R  0.023040  
    NAND2xp67_ASAP7_75t_R  0.046080  
     NAND3x1_ASAP7_75t_R  0.046080  
     NAND3x2_ASAP7_75t_R  0.092160  
    NAND3xp33_ASAP7_75t_R  0.023040  
    NAND4xp25_ASAP7_75t_R  0.023040  
    NAND4xp75_ASAP7_75t_R  0.046080  
    NAND5xp2_ASAP7_75t_R  0.092160  
      NOR2x1_ASAP7_75t_R  0.046080  
    NOR2x1p5_ASAP7_75t_R  0.092160  
      NOR2x2_ASAP7_75t_R  0.092160  
    NOR2xp33_ASAP7_75t_R  0.023040  
    NOR2xp67_ASAP7_75t_R  0.046080  
      NOR3x1_ASAP7_75t_R  0.046080  
      NOR3x2_ASAP7_75t_R  0.092160  
    NOR3xp33_ASAP7_75t_R  0.023040  
    NOR4xp25_ASAP7_75t_R  0.023040  
    NOR4xp75_ASAP7_75t_R  0.046080  
     NOR5xp2_ASAP7_75t_R  0.023040  
    O2A1O1Ixp33_ASAP7_75t_R  0.023040  
    O2A1O1Ixp5_ASAP7_75t_R  0.023040  
     OA211x2_ASAP7_75t_R  0.092160  
      OA21x2_ASAP7_75t_R  0.092160  
     OA221x2_ASAP7_75t_R  0.092160  
     OA222x2_ASAP7_75t_R  0.092160  
      OA22x2_ASAP7_75t_R  0.092160  
      OA31x2_ASAP7_75t_R  0.092160  
     OA331x1_ASAP7_75t_R  0.046080  
     OA331x2_ASAP7_75t_R  0.092160  
     OA332x1_ASAP7_75t_R  0.046080  
     OA332x2_ASAP7_75t_R  0.092160  
     OA333x1_ASAP7_75t_R  0.046080  
     OA333x2_ASAP7_75t_R  0.092160  
      OA33x2_ASAP7_75t_R  0.092160  
    OAI211xp5_ASAP7_75t_R  0.023040  
     OAI21x1_ASAP7_75t_R  0.046080  
    OAI21xp33_ASAP7_75t_R  0.023040  
    OAI21xp5_ASAP7_75t_R  0.023040  
    OAI221xp5_ASAP7_75t_R  0.023040  
    OAI222xp33_ASAP7_75t_R  0.023040  
     OAI22x1_ASAP7_75t_R  0.046080  
    OAI22xp33_ASAP7_75t_R  0.023040  
    OAI22xp5_ASAP7_75t_R  0.023040  
    OAI311xp33_ASAP7_75t_R  0.023040  
    OAI31xp33_ASAP7_75t_R  0.023040  
    OAI31xp67_ASAP7_75t_R  0.023040  
    OAI321xp33_ASAP7_75t_R  0.023040  
    OAI322xp33_ASAP7_75t_R  0.023040  
    OAI32xp33_ASAP7_75t_R  0.023040  
    OAI331xp33_ASAP7_75t_R  0.023040  
    OAI332xp33_ASAP7_75t_R  0.023040  
    OAI333xp33_ASAP7_75t_R  0.023040  
    OAI33xp33_ASAP7_75t_R  0.023040  
       OR2x2_ASAP7_75t_R  0.092160  
       OR2x4_ASAP7_75t_R  0.184320  
       OR2x6_ASAP7_75t_R  0.184320  
       OR3x1_ASAP7_75t_R  0.046080  
       OR3x2_ASAP7_75t_R  0.092160  
       OR3x4_ASAP7_75t_R  0.184320  
       OR4x1_ASAP7_75t_R  0.046080  
       OR4x2_ASAP7_75t_R  0.092160  
       OR5x1_ASAP7_75t_R  0.046080  
       OR5x2_ASAP7_75t_R  0.092160  
      SDFHx1_ASAP7_75t_R  0.046080  
      SDFHx2_ASAP7_75t_R  0.092160  
      SDFHx3_ASAP7_75t_R  0.092160  
      SDFHx4_ASAP7_75t_R  0.184320  
      SDFLx1_ASAP7_75t_R  0.046080  
      SDFLx2_ASAP7_75t_R  0.092160  
      SDFLx3_ASAP7_75t_R  0.092160  
      SDFLx4_ASAP7_75t_R  0.184320  
     XNOR2x1_ASAP7_75t_R  0.046080  
     XNOR2x2_ASAP7_75t_R  0.092160  
    XNOR2xp5_ASAP7_75t_R  0.023040  
      XOR2x1_ASAP7_75t_R  0.046080  
      XOR2x2_ASAP7_75t_R  0.092160  
     XOR2xp5_ASAP7_75t_R  0.023040  200  
# Cells in .lib with max_fanout: 0  
SDC max_cap: N/A  
SDC max_tran: N/A  
SDC max_fanout: 16  
Default Ext. Scale Factor: 1.000  
Detail Ext. Scale Factor: 1.000  

==============================
Floorplan/Placement Information
==============================
Total area of Standard cells: 43087.749 um^2  
Total area of Standard cells(Subtracting Physical Cells): 21394.109 um^2  
Total area of Macros: 0.000 um^2  
Total area of Blockages: 0.000 um^2  
Total area of Pad cells: 0.000 um^2  
Total area of Core: 43117.609 um^2  
Total area of Chip: 47405.399 um^2  
Effective Utilization: 1.0000e+00  
Number of Cell Rows: 192  
% Pure Gate Density #1 (Subtracting BLOCKAGES): 99.931%  
% Pure Gate Density #2 (Subtracting BLOCKAGES and Physical Cells): 49.618%  
% Pure Gate Density #3 (Subtracting MACROS): 99.931%  
% Pure Gate Density #4 (Subtracting MACROS and Physical Cells): 49.618%  
% Pure Gate Density #5 (Subtracting MACROS and BLOCKAGES): 99.931%  
% Pure Gate Density #6 (Subtracting MACROS and BLOCKAGES for insts are not placed): 49.618%  
% Core Density (Counting Std Cells and MACROs): 99.931%  
% Core Density #2(Subtracting Physical Cells): 49.618%  
% Chip Density (Counting Std Cells and MACROs and IOs): 90.892%  
% Chip Density #2(Subtracting Physical Cells): 45.130%  
# Macros within 5 sites of IO pad: No  
Macro halo defined?: No  

==============================
Wire Length Distribution
==============================
Total M1 wire length: 3234.5600 um  
Total M2 wire length: 56253.8280 um  
Total M3 wire length: 72313.2960 um  
Total M4 wire length: 27101.6640 um  
Total M5 wire length: 27843.0360 um  
Total M6 wire length: 18478.8000 um  
Total M7 wire length: 12495.3600 um  
Total M8 wire length: 8513.6400 um  
Total M9 wire length: 846.3600 um  
Total Pad wire length: 0.0000 um  
Total wire length: 227080.5440 um  
Average wire length/net: 16.3203 um  
Area of Power Net Distribution: 
    ------------------------------
    Area of Power Net Distribution
    ------------------------------
    Layer Name  Area of Power Net  Routable Area  Percentage  
    M1  1453.6498  43117.6090  3.3714%  
    M2  550.5368  43117.6090  1.2768%  
    M3  518.7410  43117.6090  1.2031%  
    M4  0.0000  43117.6090  0.0000%  
    M5  0.0000  43117.6090  0.0000%  
    M6  0.0000  43117.6090  0.0000%  
    M7  0.0000  43117.6090  0.0000%  
    M8  0.0000  43117.6090  0.0000%  
    M9  0.0000  43117.6090  0.0000%  
    Pad  0.0000  43117.6090  0.0000%  For more information click here  
